city,day,visits
"Milan",15oct2018,35820
"Rome",15oct2018,15830
"Naples",15oct2018,22428
"Milan",16oct2018,35929
"Rome",16oct2018,15474
"Naples",16oct2018,22515
"Milan",17oct2018,35713
"Rome",17oct2018,15266
"Naples",17oct2018,22584
"Milan",18oct2018,35612
"Rome",18oct2018,15333
"Naples",18oct2018,22634
"Milan",19oct2018,35412
"Rome",19oct2018,15475
"Naples",19oct2018,22658
"Milan",20oct2018,35432
"Rome",20oct2018,15599
"Naples",20oct2018,23016
"Milan",21oct2018,35592
"Rome",21oct2018,15790
"Naples",21oct2018,23430
"Milan",22oct2018,35373
"Rome",22oct2018,15573
"Naples",22oct2018,23390
"Milan",23oct2018,35405
"Rome",23oct2018,15527
"Naples",23oct2018,23477
"Milan",24oct2018,35357
"Rome",24oct2018,15583
"Naples",24oct2018,23606
"Milan",25oct2018,35213
"Rome",25oct2018,15472
"Naples",25oct2018,23450
"Milan",26oct2018,35341
"Rome",26oct2018,15824
"Naples",26oct2018,23394
"Milan",27oct2018,35400
"Rome",27oct2018,15801
"Naples",27oct2018,23380
"Milan",28oct2018,35592
"Rome",28oct2018,15748
"Naples",28oct2018,23808
"Milan",29oct2018,35683
"Rome",29oct2018,15955
"Naples",29oct2018,23595
"Milan",30oct2018,35646
"Rome",30oct2018,15623
"Naples",30oct2018,23781
"Milan",31oct2018,35441
"Rome",31oct2018,15584
"Naples",31oct2018,23609
"Milan",01nov2018,35460
"Rome",01nov2018,15813
"Naples",01nov2018,23530
"Milan",02nov2018,35367
"Rome",02nov2018,15539
"Naples",02nov2018,23691
"Milan",03nov2018,35350
"Rome",03nov2018,15568
"Naples",03nov2018,23675
"Milan",04nov2018,35802
"Rome",04nov2018,15769
"Naples",04nov2018,23817
"Milan",05nov2018,35830
"Rome",05nov2018,15860
"Naples",05nov2018,23787
"Milan",06nov2018,35833
"Rome",06nov2018,15867
"Naples",06nov2018,23775
"Milan",07nov2018,35532
"Rome",07nov2018,15555
"Naples",07nov2018,23953
"Milan",08nov2018,35440
"Rome",08nov2018,15666
"Naples",08nov2018,23578
"Milan",09nov2018,35374
"Rome",09nov2018,15720
"Naples",09nov2018,23678
"Milan",10nov2018,35222
"Rome",10nov2018,15901
"Naples",10nov2018,23830
"Milan",11nov2018,35762
"Rome",11nov2018,15545
"Naples",11nov2018,24256
"Milan",12nov2018,35526
"Rome",12nov2018,15648
"Naples",12nov2018,23874
"Milan",13nov2018,35543
"Rome",13nov2018,15901
"Naples",13nov2018,24022
"Milan",14nov2018,35632
"Rome",14nov2018,15767
"Naples",14nov2018,23866
"Milan",15nov2018,35469
"Rome",15nov2018,15638
"Naples",15nov2018,24085
"Milan",16nov2018,35277
"Rome",16nov2018,15581
"Naples",16nov2018,24191
"Milan",17nov2018,35388
"Rome",17nov2018,15436
"Naples",17nov2018,24126
"Milan",18nov2018,35635
"Rome",18nov2018,15645
"Naples",18nov2018,24378
"Milan",19nov2018,35814
"Rome",19nov2018,15739
"Naples",19nov2018,24005
"Milan",20nov2018,35585
"Rome",20nov2018,15697
"Naples",20nov2018,23816
"Milan",21nov2018,35407
"Rome",21nov2018,15663
"Naples",21nov2018,23893
"Milan",22nov2018,35391
"Rome",22nov2018,15661
"Naples",22nov2018,23759
"Milan",23nov2018,35549
"Rome",23nov2018,15637
"Naples",23nov2018,23674
"Milan",24nov2018,35459
"Rome",24nov2018,15640
"Naples",24nov2018,23805
"Milan",25nov2018,35367
"Rome",25nov2018,15887
"Naples",25nov2018,23963
"Milan",26nov2018,35372
"Rome",26nov2018,15803
"Naples",26nov2018,23768
"Milan",27nov2018,35458
"Rome",27nov2018,15604
"Naples",27nov2018,23641
"Milan",28nov2018,35468
"Rome",28nov2018,15756
"Naples",28nov2018,23784
"Milan",29nov2018,35416
"Rome",29nov2018,15647
"Naples",29nov2018,23712
"Milan",30nov2018,35590
"Rome",30nov2018,15950
"Naples",30nov2018,23678
"Milan",01dec2018,35710
"Rome",01dec2018,15924
"Naples",01dec2018,24036
"Milan",02dec2018,35854
"Rome",02dec2018,15990
"Naples",02dec2018,24070
"Milan",03dec2018,35824
"Rome",03dec2018,15680
"Naples",03dec2018,23870
"Milan",04dec2018,35783
"Rome",04dec2018,15816
"Naples",04dec2018,23978
"Milan",05dec2018,35592
"Rome",05dec2018,15668
"Naples",05dec2018,24131
"Milan",06dec2018,35529
"Rome",06dec2018,15474
"Naples",06dec2018,24017
"Milan",07dec2018,35494
"Rome",07dec2018,15251
"Naples",07dec2018,23711
"Milan",08dec2018,35754
"Rome",08dec2018,15601
"Naples",08dec2018,24050
"Milan",09dec2018,35873
"Rome",09dec2018,15821
"Naples",09dec2018,23869
"Milan",10dec2018,35900
"Rome",10dec2018,15677
"Naples",10dec2018,23901
"Milan",11dec2018,35897
"Rome",11dec2018,15800
"Naples",11dec2018,23971
"Milan",12dec2018,36221
"Rome",12dec2018,16034
"Naples",12dec2018,24228
"Milan",13dec2018,36292
"Rome",13dec2018,15989
"Naples",13dec2018,24628
"Milan",14dec2018,36326
"Rome",14dec2018,15927
"Naples",14dec2018,24847
"Milan",15dec2018,36219
"Rome",15dec2018,15982
"Naples",15dec2018,25178
"Milan",16dec2018,36477
"Rome",16dec2018,16287
"Naples",16dec2018,25434
"Milan",17dec2018,36220
"Rome",17dec2018,16379
"Naples",17dec2018,25461
"Milan",18dec2018,36232
"Rome",18dec2018,16506
"Naples",18dec2018,25313
"Milan",19dec2018,36408
"Rome",19dec2018,16264
"Naples",19dec2018,25307
"Milan",20dec2018,36423
"Rome",20dec2018,16413
"Naples",20dec2018,25227
"Milan",21dec2018,36414
"Rome",21dec2018,16232
"Naples",21dec2018,25147
"Milan",22dec2018,36597
"Rome",22dec2018,16309
"Naples",22dec2018,25110
"Milan",23dec2018,36695
"Rome",23dec2018,16678
"Naples",23dec2018,25256
"Milan",24dec2018,36589
"Rome",24dec2018,16409
"Naples",24dec2018,25115
"Milan",25dec2018,36723
"Rome",25dec2018,16528
"Naples",25dec2018,25390
"Milan",26dec2018,36602
"Rome",26dec2018,16495
"Naples",26dec2018,25638
"Milan",27dec2018,36485
"Rome",27dec2018,16597
"Naples",27dec2018,25534
"Milan",28dec2018,36730
"Rome",28dec2018,16199
"Naples",28dec2018,25564
"Milan",29dec2018,36791
"Rome",29dec2018,16323
"Naples",29dec2018,25479
"Milan",30dec2018,36897
"Rome",30dec2018,16143
"Naples",30dec2018,25687
"Milan",31dec2018,37142
"Rome",31dec2018,16347
"Naples",31dec2018,25726
"Milan",01jan2019,36428
"Rome",01jan2019,16202
"Naples",01jan2019,25561
"Milan",02jan2019,36114
"Rome",02jan2019,16092
"Naples",02jan2019,25620
"Milan",03jan2019,36106
"Rome",03jan2019,16029
"Naples",03jan2019,25115
"Milan",04jan2019,36021
"Rome",04jan2019,15978
"Naples",04jan2019,24782
"Milan",05jan2019,35866
"Rome",05jan2019,15889
"Naples",05jan2019,24982
"Milan",06jan2019,35987
"Rome",06jan2019,16058
"Naples",06jan2019,24951
"Milan",07jan2019,36034
"Rome",07jan2019,16005
"Naples",07jan2019,24660
"Milan",08jan2019,35818
"Rome",08jan2019,15990
"Naples",08jan2019,24764
"Milan",09jan2019,35875
"Rome",09jan2019,15942
"Naples",09jan2019,24910
"Milan",10jan2019,36046
"Rome",10jan2019,15732
"Naples",10jan2019,24524
"Milan",11jan2019,36124
"Rome",11jan2019,16046
"Naples",11jan2019,24844
"Milan",12jan2019,35945
"Rome",12jan2019,16207
"Naples",12jan2019,24610
"Milan",13jan2019,35942
"Rome",13jan2019,16485
"Naples",13jan2019,24995
"Milan",14jan2019,35770
"Rome",14jan2019,16174
"Naples",14jan2019,24772
"Milan",15jan2019,35813
"Rome",15jan2019,15991
"Naples",15jan2019,24339
"Milan",16jan2019,36060
"Rome",16jan2019,15672
"Naples",16jan2019,24435
"Milan",17jan2019,36179
"Rome",17jan2019,15599
"Naples",17jan2019,24420
"Milan",18jan2019,36379
"Rome",18jan2019,15584
"Naples",18jan2019,24172
"Milan",19jan2019,36258
"Rome",19jan2019,15855
"Naples",19jan2019,24355
"Milan",20jan2019,36356
"Rome",20jan2019,16179
"Naples",20jan2019,24626
"Milan",21jan2019,36104
"Rome",21jan2019,16205
"Naples",21jan2019,24627
"Milan",22jan2019,35844
"Rome",22jan2019,16159
"Naples",22jan2019,24659
"Milan",23jan2019,35885
"Rome",23jan2019,16097
"Naples",23jan2019,24174
"Milan",24jan2019,35762
"Rome",24jan2019,16169
"Naples",24jan2019,24202
"Milan",25jan2019,35921
"Rome",25jan2019,15922
"Naples",25jan2019,24026
"Milan",26jan2019,35888
"Rome",26jan2019,15792
"Naples",26jan2019,24124
"Milan",27jan2019,35994
"Rome",27jan2019,15904
"Naples",27jan2019,24401
"Milan",28jan2019,35980
"Rome",28jan2019,15849
"Naples",28jan2019,24569
"Milan",29jan2019,35972
"Rome",29jan2019,16170
"Naples",29jan2019,24540
"Milan",30jan2019,36111
"Rome",30jan2019,16293
"Naples",30jan2019,24384
"Milan",31jan2019,35961
"Rome",31jan2019,15912
"Naples",31jan2019,24240
"Milan",01feb2019,36141
"Rome",01feb2019,15999
"Naples",01feb2019,24098
"Milan",02feb2019,36209
"Rome",02feb2019,16220
"Naples",02feb2019,24310
"Milan",03feb2019,36485
"Rome",03feb2019,15960
"Naples",03feb2019,24934
"Milan",04feb2019,36348
"Rome",04feb2019,16111
"Naples",04feb2019,24735
"Milan",05feb2019,36157
"Rome",05feb2019,15982
"Naples",05feb2019,24526
"Milan",06feb2019,35971
"Rome",06feb2019,15959
"Naples",06feb2019,24354
"Milan",07feb2019,36008
"Rome",07feb2019,16039
"Naples",07feb2019,24238
"Milan",08feb2019,36023
"Rome",08feb2019,16133
"Naples",08feb2019,24343
"Milan",09feb2019,36017
"Rome",09feb2019,16070
"Naples",09feb2019,24327
"Milan",10feb2019,36023
"Rome",10feb2019,16294
"Naples",10feb2019,24424
"Milan",11feb2019,36064
"Rome",11feb2019,16226
"Naples",11feb2019,24408
"Milan",12feb2019,36189
"Rome",12feb2019,15987
"Naples",12feb2019,24236
"Milan",13feb2019,36487
"Rome",13feb2019,16076
"Naples",13feb2019,24226
"Milan",14feb2019,36206
"Rome",14feb2019,16298
"Naples",14feb2019,24054
"Milan",15feb2019,36395
"Rome",15feb2019,16312
"Naples",15feb2019,23996
"Milan",16feb2019,36277
"Rome",16feb2019,16227
"Naples",16feb2019,23811
"Milan",17feb2019,36115
"Rome",17feb2019,16129
"Naples",17feb2019,24044
"Milan",18feb2019,35912
"Rome",18feb2019,16024
"Naples",18feb2019,24029
"Milan",19feb2019,36080
"Rome",19feb2019,15828
"Naples",19feb2019,24421
"Milan",20feb2019,36143
"Rome",20feb2019,15809
"Naples",20feb2019,24541
"Milan",21feb2019,36253
"Rome",21feb2019,15783
"Naples",21feb2019,24572
"Milan",22feb2019,36213
"Rome",22feb2019,16141
"Naples",22feb2019,24469
"Milan",23feb2019,36175
"Rome",23feb2019,16253
"Naples",23feb2019,24707
"Milan",24feb2019,36196
"Rome",24feb2019,16349
"Naples",24feb2019,24624
"Milan",25feb2019,36057
"Rome",25feb2019,15952
"Naples",25feb2019,24363
"Milan",26feb2019,36103
"Rome",26feb2019,16317
"Naples",26feb2019,24617
"Milan",27feb2019,36114
"Rome",27feb2019,16403
"Naples",27feb2019,24646
"Milan",28feb2019,36189
"Rome",28feb2019,16074
"Naples",28feb2019,24688
"Milan",01mar2019,36157
"Rome",01mar2019,16223
"Naples",01mar2019,24586
"Milan",02mar2019,36177
"Rome",02mar2019,15919
"Naples",02mar2019,24518
"Milan",03mar2019,36220
"Rome",03mar2019,15989
"Naples",03mar2019,24607
"Milan",04mar2019,36239
"Rome",04mar2019,16064
"Naples",04mar2019,24401
"Milan",05mar2019,36194
"Rome",05mar2019,15976
"Naples",05mar2019,24368
"Milan",06mar2019,36053
"Rome",06mar2019,15843
"Naples",06mar2019,24471
"Milan",07mar2019,36046
"Rome",07mar2019,15955
"Naples",07mar2019,24318
"Milan",08mar2019,35841
"Rome",08mar2019,16176
"Naples",08mar2019,24412
"Milan",09mar2019,35960
"Rome",09mar2019,16308
"Naples",09mar2019,24879
"Milan",10mar2019,36371
"Rome",10mar2019,16403
"Naples",10mar2019,25273
"Milan",11mar2019,36416
"Rome",11mar2019,16312
"Naples",11mar2019,25273
"Milan",12mar2019,36525
"Rome",12mar2019,16083
"Naples",12mar2019,25085
"Milan",13mar2019,36493
"Rome",13mar2019,16180
"Naples",13mar2019,24900
"Milan",14mar2019,36215
"Rome",14mar2019,16205
"Naples",14mar2019,24921
"Milan",15mar2019,36184
"Rome",15mar2019,16263
"Naples",15mar2019,24748
"Milan",16mar2019,36320
"Rome",16mar2019,16101
"Naples",16mar2019,24862
"Milan",17mar2019,36352
"Rome",17mar2019,16476
"Naples",17mar2019,25035
"Milan",18mar2019,36297
"Rome",18mar2019,16308
"Naples",18mar2019,24753
"Milan",19mar2019,36294
"Rome",19mar2019,16256
"Naples",19mar2019,24762
"Milan",20mar2019,36325
"Rome",20mar2019,16196
"Naples",20mar2019,24779
"Milan",21mar2019,36335
"Rome",21mar2019,16252
"Naples",21mar2019,24903
"Milan",22mar2019,36237
"Rome",22mar2019,16228
"Naples",22mar2019,24980
"Milan",23mar2019,35933
"Rome",23mar2019,16120
"Naples",23mar2019,25382
"Milan",24mar2019,36226
"Rome",24mar2019,16173
"Naples",24mar2019,25741
"Milan",25mar2019,36099
"Rome",25mar2019,16071
"Naples",25mar2019,25690
"Milan",26mar2019,36008
"Rome",26mar2019,16090
"Naples",26mar2019,25595
"Milan",27mar2019,36051
"Rome",27mar2019,15991
"Naples",27mar2019,25511
"Milan",28mar2019,36126
"Rome",28mar2019,15932
"Naples",28mar2019,25178
"Milan",29mar2019,36146
"Rome",29mar2019,15706
"Naples",29mar2019,25246
"Milan",30mar2019,36289
"Rome",30mar2019,15732
"Naples",30mar2019,25084
"Milan",31mar2019,36482
"Rome",31mar2019,16163
"Naples",31mar2019,25314
"Milan",01apr2019,36254
"Rome",01apr2019,16196
"Naples",01apr2019,24941
"Milan",02apr2019,36124
"Rome",02apr2019,16538
"Naples",02apr2019,24962
"Milan",03apr2019,36079
"Rome",03apr2019,16501
"Naples",03apr2019,25329
"Milan",04apr2019,36115
"Rome",04apr2019,16283
"Naples",04apr2019,25256
"Milan",05apr2019,36090
"Rome",05apr2019,16398
"Naples",05apr2019,24812
"Milan",06apr2019,36248
"Rome",06apr2019,16234
"Naples",06apr2019,25138
"Milan",07apr2019,36553
"Rome",07apr2019,16380
"Naples",07apr2019,25437
"Milan",08apr2019,36431
"Rome",08apr2019,16507
"Naples",08apr2019,25439
"Milan",09apr2019,36401
"Rome",09apr2019,16389
"Naples",09apr2019,25349
"Milan",10apr2019,36397
"Rome",10apr2019,16277
"Naples",10apr2019,25215
"Milan",11apr2019,36423
"Rome",11apr2019,16546
"Naples",11apr2019,25038
"Milan",12apr2019,36499
"Rome",12apr2019,16461
"Naples",12apr2019,24871
"Milan",13apr2019,36533
"Rome",13apr2019,16502
"Naples",13apr2019,25142
"Milan",14apr2019,36634
"Rome",14apr2019,16426
"Naples",14apr2019,25644
"Milan",15apr2019,36448
"Rome",15apr2019,16394
"Naples",15apr2019,25324
"Milan",16apr2019,36245
"Rome",16apr2019,16336
"Naples",16apr2019,25315
"Milan",17apr2019,36141
"Rome",17apr2019,16173
"Naples",17apr2019,25317
"Milan",18apr2019,36073
"Rome",18apr2019,16553
"Naples",18apr2019,25165
"Milan",19apr2019,36071
"Rome",19apr2019,16368
"Naples",19apr2019,25278
"Milan",20apr2019,36265
"Rome",20apr2019,16096
"Naples",20apr2019,25414
"Milan",21apr2019,36385
"Rome",21apr2019,16418
"Naples",21apr2019,25600
"Milan",22apr2019,36228
"Rome",22apr2019,16543
"Naples",22apr2019,25661
"Milan",23apr2019,36283
"Rome",23apr2019,16458
"Naples",23apr2019,25571
"Milan",24apr2019,36458
"Rome",24apr2019,16280
"Naples",24apr2019,25300
"Milan",25apr2019,36644
"Rome",25apr2019,16249
"Naples",25apr2019,25316
"Milan",26apr2019,36531
"Rome",26apr2019,16421
"Naples",26apr2019,25312
"Milan",27apr2019,36537
"Rome",27apr2019,16458
"Naples",27apr2019,25507
"Milan",28apr2019,36712
"Rome",28apr2019,16487
"Naples",28apr2019,25776
"Milan",29apr2019,36425
"Rome",29apr2019,16345
"Naples",29apr2019,25439
"Milan",30apr2019,36459
"Rome",30apr2019,16436
"Naples",30apr2019,25471
"Milan",01may2019,36521
"Rome",01may2019,16444
"Naples",01may2019,25637
"Milan",02may2019,36301
"Rome",02may2019,16448
"Naples",02may2019,25742
"Milan",03may2019,36458
"Rome",03may2019,16482
"Naples",03may2019,25529
"Milan",04may2019,36318
"Rome",04may2019,16564
"Naples",04may2019,25718
"Milan",05may2019,36666
"Rome",05may2019,16763
"Naples",05may2019,25751
"Milan",06may2019,36583
"Rome",06may2019,16517
"Naples",06may2019,25564
"Milan",07may2019,36488
"Rome",07may2019,16331
"Naples",07may2019,25726
"Milan",08may2019,36576
"Rome",08may2019,16172
"Naples",08may2019,25362
"Milan",09may2019,36610
"Rome",09may2019,16452
"Naples",09may2019,25443
"Milan",10may2019,36655
"Rome",10may2019,16353
"Naples",10may2019,25486
"Milan",11may2019,36607
"Rome",11may2019,16203
"Naples",11may2019,25456
"Milan",12may2019,36668
"Rome",12may2019,16589
"Naples",12may2019,25769
"Milan",13may2019,36600
"Rome",13may2019,16284
"Naples",13may2019,25926
"Milan",14may2019,36459
"Rome",14may2019,16378
"Naples",14may2019,26013
"Milan",15may2019,36299
"Rome",15may2019,16441
"Naples",15may2019,25944
"Milan",16may2019,36552
"Rome",16may2019,16421
"Naples",16may2019,26065
"Milan",17may2019,36429
"Rome",17may2019,16483
"Naples",17may2019,25737
"Milan",18may2019,36404
"Rome",18may2019,16371
"Naples",18may2019,25493
"Milan",19may2019,36457
"Rome",19may2019,16458
"Naples",19may2019,25612
"Milan",20may2019,36598
"Rome",20may2019,16423
"Naples",20may2019,25827
"Milan",21may2019,36415
"Rome",21may2019,16122
"Naples",21may2019,25631
"Milan",22may2019,36496
"Rome",22may2019,16119
"Naples",22may2019,25742
"Milan",23may2019,36560
"Rome",23may2019,16177
"Naples",23may2019,25779
"Milan",24may2019,36548
"Rome",24may2019,16249
"Naples",24may2019,25911
"Milan",25may2019,36573
"Rome",25may2019,16289
"Naples",25may2019,25644
"Milan",26may2019,36716
"Rome",26may2019,16579
"Naples",26may2019,26270
"Milan",27may2019,36992
"Rome",27may2019,16604
"Naples",27may2019,26001
"Milan",28may2019,36977
"Rome",28may2019,16521
"Naples",28may2019,25818
"Milan",29may2019,36707
"Rome",29may2019,16409
"Naples",29may2019,25933
"Milan",30may2019,36651
"Rome",30may2019,16275
"Naples",30may2019,26160
"Milan",31may2019,36347
"Rome",31may2019,16406
"Naples",31may2019,25839
"Milan",01jun2019,36318
"Rome",01jun2019,16550
"Naples",01jun2019,25948
"Milan",02jun2019,36757
"Rome",02jun2019,16903
"Naples",02jun2019,26158
"Milan",03jun2019,36756
"Rome",03jun2019,16743
"Naples",03jun2019,26264
"Milan",04jun2019,36557
"Rome",04jun2019,16756
"Naples",04jun2019,25892
"Milan",05jun2019,36670
"Rome",05jun2019,16500
"Naples",05jun2019,25966
"Milan",06jun2019,36702
"Rome",06jun2019,16784
"Naples",06jun2019,25709
"Milan",07jun2019,36642
"Rome",07jun2019,16555
"Naples",07jun2019,25460
"Milan",08jun2019,36542
"Rome",08jun2019,16483
"Naples",08jun2019,25460
"Milan",09jun2019,36940
"Rome",09jun2019,16728
"Naples",09jun2019,25996
"Milan",10jun2019,36903
"Rome",10jun2019,16480
"Naples",10jun2019,25774
"Milan",11jun2019,36696
"Rome",11jun2019,16386
"Naples",11jun2019,25759
"Milan",12jun2019,36586
"Rome",12jun2019,16730
"Naples",12jun2019,25999
"Milan",13jun2019,36544
"Rome",13jun2019,16706
"Naples",13jun2019,25787
"Milan",14jun2019,36515
"Rome",14jun2019,16336
"Naples",14jun2019,25969
"Milan",15jun2019,36401
"Rome",15jun2019,16705
"Naples",15jun2019,26032
"Milan",16jun2019,36570
"Rome",16jun2019,16810
"Naples",16jun2019,26033
"Milan",17jun2019,36577
"Rome",17jun2019,16800
"Naples",17jun2019,25879
"Milan",18jun2019,36724
"Rome",18jun2019,16744
"Naples",18jun2019,25791
"Milan",19jun2019,36768
"Rome",19jun2019,16689
"Naples",19jun2019,25676
"Milan",20jun2019,36501
"Rome",20jun2019,16433
"Naples",20jun2019,25538
"Milan",21jun2019,36733
"Rome",21jun2019,16500
"Naples",21jun2019,25739
"Milan",22jun2019,36729
"Rome",22jun2019,16527
"Naples",22jun2019,25604
"Milan",23jun2019,36912
"Rome",23jun2019,16730
"Naples",23jun2019,25969
"Milan",24jun2019,36828
"Rome",24jun2019,16472
"Naples",24jun2019,26030
"Milan",25jun2019,36868
"Rome",25jun2019,16463
"Naples",25jun2019,26238
"Milan",26jun2019,36837
"Rome",26jun2019,16949
"Naples",26jun2019,26191
"Milan",27jun2019,36746
"Rome",27jun2019,16803
"Naples",27jun2019,25679
"Milan",28jun2019,36602
"Rome",28jun2019,17062
"Naples",28jun2019,25666
"Milan",29jun2019,36606
"Rome",29jun2019,16763
"Naples",29jun2019,25615
"Milan",30jun2019,36585
"Rome",30jun2019,16755
"Naples",30jun2019,25723
"Milan",01jul2019,36578
"Rome",01jul2019,16604
"Naples",01jul2019,25710
"Milan",02jul2019,36340
"Rome",02jul2019,16555
"Naples",02jul2019,26088
"Milan",03jul2019,36649
"Rome",03jul2019,16896
"Naples",03jul2019,25894
"Milan",04jul2019,36543
"Rome",04jul2019,16709
"Naples",04jul2019,25974
"Milan",05jul2019,36504
"Rome",05jul2019,16731
"Naples",05jul2019,25637
"Milan",06jul2019,36497
"Rome",06jul2019,16641
"Naples",06jul2019,25489
"Milan",07jul2019,36715
"Rome",07jul2019,16873
"Naples",07jul2019,25446
"Milan",08jul2019,36824
"Rome",08jul2019,16731
"Naples",08jul2019,25481
"Milan",09jul2019,36883
"Rome",09jul2019,16617
"Naples",09jul2019,25463
"Milan",10jul2019,36976
"Rome",10jul2019,16635
"Naples",10jul2019,25536
"Milan",11jul2019,36797
"Rome",11jul2019,16701
"Naples",11jul2019,25774
"Milan",12jul2019,36675
"Rome",12jul2019,16868
"Naples",12jul2019,25821
"Milan",13jul2019,36627
"Rome",13jul2019,16776
"Naples",13jul2019,25680
"Milan",14jul2019,36739
"Rome",14jul2019,16915
"Naples",14jul2019,26067
"Milan",15jul2019,36828
"Rome",15jul2019,16858
"Naples",15jul2019,25995
"Milan",16jul2019,36698
"Rome",16jul2019,16411
"Naples",16jul2019,25975
"Milan",17jul2019,36814
"Rome",17jul2019,16337
"Naples",17jul2019,26020
"Milan",18jul2019,36736
"Rome",18jul2019,16670
"Naples",18jul2019,25970
"Milan",19jul2019,36940
"Rome",19jul2019,16650
"Naples",19jul2019,25721
"Milan",20jul2019,36827
"Rome",20jul2019,16743
"Naples",20jul2019,25778
"Milan",21jul2019,37024
"Rome",21jul2019,16723
"Naples",21jul2019,25943
"Milan",22jul2019,37152
"Rome",22jul2019,16595
"Naples",22jul2019,25933
"Milan",23jul2019,36989
"Rome",23jul2019,16681
"Naples",23jul2019,25677
"Milan",24jul2019,36859
"Rome",24jul2019,16583
"Naples",24jul2019,25711
"Milan",25jul2019,36958
"Rome",25jul2019,16740
"Naples",25jul2019,25609
"Milan",26jul2019,36934
"Rome",26jul2019,16793
"Naples",26jul2019,25475
"Milan",27jul2019,36944
"Rome",27jul2019,16950
"Naples",27jul2019,25716
"Milan",28jul2019,37104
"Rome",28jul2019,16854
"Naples",28jul2019,25987
"Milan",29jul2019,37288
"Rome",29jul2019,16795
"Naples",29jul2019,26325
"Milan",30jul2019,37126
"Rome",30jul2019,16907
"Naples",30jul2019,26356
"Milan",31jul2019,37146
"Rome",31jul2019,16738
"Naples",31jul2019,26435
"Milan",01aug2019,37241
"Rome",01aug2019,16930
"Naples",01aug2019,26490
"Milan",02aug2019,37182
"Rome",02aug2019,16888
"Naples",02aug2019,26245
"Milan",03aug2019,36999
"Rome",03aug2019,16647
"Naples",03aug2019,26444
"Milan",04aug2019,37400
"Rome",04aug2019,16651
"Naples",04aug2019,26842
"Milan",05aug2019,36914
"Rome",05aug2019,16663
"Naples",05aug2019,26767
"Milan",06aug2019,36896
"Rome",06aug2019,16702
"Naples",06aug2019,26861
"Milan",07aug2019,36984
"Rome",07aug2019,16658
"Naples",07aug2019,26677
"Milan",08aug2019,36880
"Rome",08aug2019,16654
"Naples",08aug2019,26616
"Milan",09aug2019,36706
"Rome",09aug2019,16211
"Naples",09aug2019,26491
"Milan",10aug2019,37035
"Rome",10aug2019,16351
"Naples",10aug2019,26364
"Milan",11aug2019,37336
"Rome",11aug2019,16506
"Naples",11aug2019,26221
"Milan",12aug2019,37297
"Rome",12aug2019,16612
"Naples",12aug2019,26260
"Milan",13aug2019,37009
"Rome",13aug2019,16743
"Naples",13aug2019,26207
"Milan",14aug2019,36771
"Rome",14aug2019,16917
"Naples",14aug2019,26316
"Milan",15aug2019,36934
"Rome",15aug2019,16980
"Naples",15aug2019,26363
"Milan",16aug2019,36835
"Rome",16aug2019,17040
"Naples",16aug2019,26464
"Milan",17aug2019,36924
"Rome",17aug2019,16869
"Naples",17aug2019,26566
"Milan",18aug2019,36864
"Rome",18aug2019,17147
"Naples",18aug2019,26408
"Milan",19aug2019,36990
"Rome",19aug2019,17102
"Naples",19aug2019,26556
"Milan",20aug2019,37211
"Rome",20aug2019,16866
"Naples",20aug2019,26445
"Milan",21aug2019,36969
"Rome",21aug2019,16964
"Naples",21aug2019,26290
"Milan",22aug2019,36930
"Rome",22aug2019,16949
"Naples",22aug2019,26546
"Milan",23aug2019,36796
"Rome",23aug2019,16848
"Naples",23aug2019,26657
"Milan",24aug2019,36598
"Rome",24aug2019,16829
"Naples",24aug2019,26686
"Milan",25aug2019,37071
"Rome",25aug2019,17202
"Naples",25aug2019,26782
"Milan",26aug2019,37027
"Rome",26aug2019,16727
"Naples",26aug2019,26874
"Milan",27aug2019,37099
"Rome",27aug2019,16775
"Naples",27aug2019,26776
"Milan",28aug2019,37116
"Rome",28aug2019,16932
"Naples",28aug2019,26746
"Milan",29aug2019,37301
"Rome",29aug2019,17078
"Naples",29aug2019,26803
"Milan",30aug2019,37267
"Rome",30aug2019,16945
"Naples",30aug2019,26964
"Milan",31aug2019,36973
"Rome",31aug2019,16976
"Naples",31aug2019,27069
"Milan",01sep2019,37170
"Rome",01sep2019,16992
"Naples",01sep2019,27437
"Milan",02sep2019,37440
"Rome",02sep2019,16637
"Naples",02sep2019,27082
"Milan",03sep2019,37058
"Rome",03sep2019,16717
"Naples",03sep2019,26992
"Milan",04sep2019,37042
"Rome",04sep2019,16561
"Naples",04sep2019,27130
"Milan",05sep2019,37281
"Rome",05sep2019,16519
"Naples",05sep2019,26875
"Milan",06sep2019,36985
"Rome",06sep2019,16809
"Naples",06sep2019,26773
"Milan",07sep2019,36983
"Rome",07sep2019,16892
"Naples",07sep2019,26817
"Milan",08sep2019,37392
"Rome",08sep2019,17063
"Naples",08sep2019,26729
"Milan",09sep2019,37227
"Rome",09sep2019,17300
"Naples",09sep2019,26999
"Milan",10sep2019,37169
"Rome",10sep2019,16930
"Naples",10sep2019,26654
"Milan",11sep2019,36976
"Rome",11sep2019,16836
"Naples",11sep2019,26952
"Milan",12sep2019,36755
"Rome",12sep2019,16832
"Naples",12sep2019,26501
"Milan",13sep2019,36970
"Rome",13sep2019,16881
"Naples",13sep2019,26820
"Milan",14sep2019,37022
"Rome",14sep2019,16788
"Naples",14sep2019,26668
"Milan",15sep2019,37101
"Rome",15sep2019,16863
"Naples",15sep2019,26445
"Milan",16sep2019,37186
"Rome",16sep2019,16678
"Naples",16sep2019,26344
"Milan",17sep2019,37272
"Rome",17sep2019,16574
"Naples",17sep2019,26114
"Milan",18sep2019,37230
"Rome",18sep2019,16774
"Naples",18sep2019,26153
"Milan",19sep2019,37111
"Rome",19sep2019,16853
"Naples",19sep2019,26248
"Milan",20sep2019,36798
"Rome",20sep2019,17000
"Naples",20sep2019,26403
"Milan",21sep2019,36892
"Rome",21sep2019,16849
"Naples",21sep2019,26557
"Milan",22sep2019,37145
"Rome",22sep2019,16972
"Naples",22sep2019,26882
"Milan",23sep2019,37310
"Rome",23sep2019,16982
"Naples",23sep2019,27124
"Milan",24sep2019,37173
"Rome",24sep2019,16983
"Naples",24sep2019,27090
"Milan",25sep2019,37263
"Rome",25sep2019,17019
"Naples",25sep2019,26783
"Milan",26sep2019,37210
"Rome",26sep2019,17199
"Naples",26sep2019,26877
"Milan",27sep2019,37228
"Rome",27sep2019,16888
"Naples",27sep2019,27079
"Milan",28sep2019,37040
"Rome",28sep2019,17133
"Naples",28sep2019,27023
"Milan",29sep2019,37103
"Rome",29sep2019,16969
"Naples",29sep2019,27225
"Milan",30sep2019,37126
"Rome",30sep2019,17071
"Naples",30sep2019,27458
"Milan",01oct2019,37183
"Rome",01oct2019,16953
"Naples",01oct2019,26978
"Milan",02oct2019,37274
"Rome",02oct2019,16930
"Naples",02oct2019,27186
"Milan",03oct2019,37364
"Rome",03oct2019,16848
"Naples",03oct2019,27018
"Milan",04oct2019,37279
"Rome",04oct2019,17096
"Naples",04oct2019,27200
"Milan",05oct2019,37111
"Rome",05oct2019,16825
"Naples",05oct2019,26866
"Milan",06oct2019,37202
"Rome",06oct2019,16893
"Naples",06oct2019,26899
"Milan",07oct2019,37206
"Rome",07oct2019,16585
"Naples",07oct2019,26973
"Milan",08oct2019,37219
"Rome",08oct2019,16935
"Naples",08oct2019,26676
"Milan",09oct2019,37253
"Rome",09oct2019,17116
"Naples",09oct2019,26820
"Milan",10oct2019,37118
"Rome",10oct2019,16828
"Naples",10oct2019,26728
"Milan",11oct2019,37188
"Rome",11oct2019,16777
"Naples",11oct2019,26934
"Milan",12oct2019,37333
"Rome",12oct2019,17019
"Naples",12oct2019,26982
"Milan",13oct2019,37605
"Rome",13oct2019,16979
"Naples",13oct2019,27323
"Milan",14oct2019,37574
"Rome",14oct2019,17182
"Naples",14oct2019,27240
"Milan",15oct2019,37300
"Rome",15oct2019,17293
"Naples",15oct2019,27401
"Milan",16oct2019,37253
"Rome",16oct2019,17301
"Naples",16oct2019,27129
"Milan",17oct2019,37289
"Rome",17oct2019,17064
"Naples",17oct2019,27206
"Milan",18oct2019,37168
"Rome",18oct2019,17104
"Naples",18oct2019,27223
"Milan",19oct2019,37370
"Rome",19oct2019,17195
"Naples",19oct2019,27132
"Milan",20oct2019,37545
"Rome",20oct2019,17261
"Naples",20oct2019,27408
"Milan",21oct2019,37431
"Rome",21oct2019,17084
"Naples",21oct2019,27265
"Milan",22oct2019,37478
"Rome",22oct2019,16872
"Naples",22oct2019,27028
"Milan",23oct2019,37519
"Rome",23oct2019,16800
"Naples",23oct2019,26927
"Milan",24oct2019,37570
"Rome",24oct2019,16969
"Naples",24oct2019,26834
"Milan",25oct2019,37412
"Rome",25oct2019,17000
"Naples",25oct2019,27110
"Milan",26oct2019,37107
"Rome",26oct2019,16761
"Naples",26oct2019,27038
"Milan",27oct2019,37341
"Rome",27oct2019,17246
"Naples",27oct2019,27240
"Milan",28oct2019,37513
"Rome",28oct2019,17202
"Naples",28oct2019,27230
"Milan",29oct2019,37532
"Rome",29oct2019,17259
"Naples",29oct2019,26983
"Milan",30oct2019,37201
"Rome",30oct2019,16969
"Naples",30oct2019,27179
"Milan",31oct2019,37472
"Rome",31oct2019,16968
"Naples",31oct2019,26792
"Milan",01nov2019,37121
"Rome",01nov2019,16854
"Naples",01nov2019,26770
"Milan",02nov2019,37131
"Rome",02nov2019,17127
"Naples",02nov2019,26882
"Milan",03nov2019,37179
"Rome",03nov2019,17329
"Naples",03nov2019,27271
"Milan",04nov2019,37144
"Rome",04nov2019,17211
"Naples",04nov2019,27212
"Milan",05nov2019,37121
"Rome",05nov2019,17430
"Naples",05nov2019,27268
"Milan",06nov2019,37262
"Rome",06nov2019,17252
"Naples",06nov2019,27246
"Milan",07nov2019,37405
"Rome",07nov2019,16957
"Naples",07nov2019,27575
"Milan",08nov2019,37326
"Rome",08nov2019,16848
"Naples",08nov2019,27417
"Milan",09nov2019,37235
"Rome",09nov2019,16974
"Naples",09nov2019,27745
"Milan",10nov2019,37266
"Rome",10nov2019,17369
"Naples",10nov2019,28221
"Milan",11nov2019,37296
"Rome",11nov2019,17257
"Naples",11nov2019,27861
"Milan",12nov2019,37313
"Rome",12nov2019,17140
"Naples",12nov2019,27537
"Milan",13nov2019,37486
"Rome",13nov2019,16873
"Naples",13nov2019,27492
"Milan",14nov2019,37372
"Rome",14nov2019,17094
"Naples",14nov2019,27889
"Milan",15nov2019,37429
"Rome",15nov2019,17138
"Naples",15nov2019,27618
"Milan",16nov2019,37444
"Rome",16nov2019,16925
"Naples",16nov2019,27484
"Milan",17nov2019,37569
"Rome",17nov2019,17173
"Naples",17nov2019,27825
"Milan",18nov2019,37450
"Rome",18nov2019,17172
"Naples",18nov2019,27904
"Milan",19nov2019,37336
"Rome",19nov2019,17104
"Naples",19nov2019,27545
"Milan",20nov2019,37413
"Rome",20nov2019,17133
"Naples",20nov2019,27601
"Milan",21nov2019,37387
"Rome",21nov2019,17030
"Naples",21nov2019,27572
"Milan",22nov2019,37471
"Rome",22nov2019,16904
"Naples",22nov2019,27550
"Milan",23nov2019,37506
"Rome",23nov2019,17022
"Naples",23nov2019,27711
"Milan",24nov2019,37679
"Rome",24nov2019,17162
"Naples",24nov2019,27841
"Milan",25nov2019,37822
"Rome",25nov2019,17115
"Naples",25nov2019,27664
"Milan",26nov2019,37472
"Rome",26nov2019,17314
"Naples",26nov2019,27558
"Milan",27nov2019,37649
"Rome",27nov2019,16950
"Naples",27nov2019,27578
"Milan",28nov2019,37453
"Rome",28nov2019,16991
"Naples",28nov2019,27649
"Milan",29nov2019,37366
"Rome",29nov2019,17085
"Naples",29nov2019,27477
"Milan",30nov2019,37479
"Rome",30nov2019,17176
"Naples",30nov2019,27555
"Milan",01dec2019,37696
"Rome",01dec2019,17458
"Naples",01dec2019,27703
"Milan",02dec2019,37730
"Rome",02dec2019,17542
"Naples",02dec2019,27715
"Milan",03dec2019,37855
"Rome",03dec2019,17841
"Naples",03dec2019,27925
"Milan",04dec2019,38018
"Rome",04dec2019,18006
"Naples",04dec2019,27813
"Milan",05dec2019,38033
"Rome",05dec2019,17597
"Naples",05dec2019,27913
"Milan",06dec2019,38030
"Rome",06dec2019,17716
"Naples",06dec2019,27663
"Milan",07dec2019,38112
"Rome",07dec2019,17583
"Naples",07dec2019,27764
"Milan",08dec2019,38102
"Rome",08dec2019,17752
"Naples",08dec2019,27807
"Milan",09dec2019,38186
"Rome",09dec2019,18052
"Naples",09dec2019,27860
"Milan",10dec2019,38095
"Rome",10dec2019,17820
"Naples",10dec2019,27791
"Milan",11dec2019,37972
"Rome",11dec2019,17909
"Naples",11dec2019,27902
"Milan",12dec2019,38397
"Rome",12dec2019,17991
"Naples",12dec2019,28458
"Milan",13dec2019,38437
"Rome",13dec2019,18270
"Naples",13dec2019,28522
"Milan",14dec2019,38805
"Rome",14dec2019,18302
"Naples",14dec2019,28697
"Milan",15dec2019,39073
"Rome",15dec2019,18567
"Naples",15dec2019,28856
"Milan",16dec2019,39224
"Rome",16dec2019,18597
"Naples",16dec2019,28870
"Milan",17dec2019,39117
"Rome",17dec2019,18586
"Naples",17dec2019,29252
"Milan",18dec2019,39008
"Rome",18dec2019,18744
"Naples",18dec2019,29578
"Milan",19dec2019,39059
"Rome",19dec2019,18626
"Naples",19dec2019,29996
"Milan",20dec2019,38943
"Rome",20dec2019,18625
"Naples",20dec2019,30033
"Milan",21dec2019,38921
"Rome",21dec2019,18340
"Naples",21dec2019,29851
"Milan",22dec2019,39007
"Rome",22dec2019,18471
"Naples",22dec2019,30359
"Milan",23dec2019,39152
"Rome",23dec2019,18470
"Naples",23dec2019,30320
"Milan",24dec2019,39087
"Rome",24dec2019,18478
"Naples",24dec2019,30053
"Milan",25dec2019,38731
"Rome",25dec2019,17998
"Naples",25dec2019,29847
"Milan",26dec2019,38768
"Rome",26dec2019,18004
"Naples",26dec2019,29840
"Milan",27dec2019,38656
"Rome",27dec2019,18230
"Naples",27dec2019,30065
"Milan",28dec2019,38336
"Rome",28dec2019,17858
"Naples",28dec2019,29992
"Milan",29dec2019,38510
"Rome",29dec2019,18216
"Naples",29dec2019,29592
"Milan",30dec2019,38576
"Rome",30dec2019,18277
"Naples",30dec2019,29446
"Milan",31dec2019,38676
"Rome",31dec2019,18184
"Naples",31dec2019,29437
"Milan",01jan2020,38182
"Rome",01jan2020,17788
"Naples",01jan2020,29316
"Milan",02jan2020,38067
"Rome",02jan2020,17571
"Naples",02jan2020,28980
"Milan",03jan2020,37807
"Rome",03jan2020,17421
"Naples",03jan2020,28601
"Milan",04jan2020,37747
"Rome",04jan2020,17546
"Naples",04jan2020,28134
"Milan",05jan2020,38108
"Rome",05jan2020,17561
"Naples",05jan2020,28216
"Milan",06jan2020,37796
"Rome",06jan2020,17563
"Naples",06jan2020,28177
"Milan",07jan2020,37824
"Rome",07jan2020,17428
"Naples",07jan2020,28106
"Milan",08jan2020,37768
"Rome",08jan2020,16935
"Naples",08jan2020,28135
"Milan",09jan2020,37822
"Rome",09jan2020,16956
"Naples",09jan2020,28231
"Milan",10jan2020,37801
"Rome",10jan2020,17213
"Naples",10jan2020,28436
"Milan",11jan2020,37549
"Rome",11jan2020,17243
"Naples",11jan2020,28198
"Milan",12jan2020,37704
"Rome",12jan2020,17497
"Naples",12jan2020,28239
"Milan",13jan2020,37743
"Rome",13jan2020,17431
"Naples",13jan2020,28051
"Milan",14jan2020,37838
"Rome",14jan2020,17159
"Naples",14jan2020,28435
"Milan",15jan2020,37701
"Rome",15jan2020,17314
"Naples",15jan2020,28316
"Milan",16jan2020,37727
"Rome",16jan2020,17259
"Naples",16jan2020,28386
"Milan",17jan2020,37778
"Rome",17jan2020,17162
"Naples",17jan2020,28398
"Milan",18jan2020,37639
"Rome",18jan2020,17438
"Naples",18jan2020,28250
"Milan",19jan2020,37745
"Rome",19jan2020,17311
"Naples",19jan2020,28250
"Milan",20jan2020,37986
"Rome",20jan2020,17504
"Naples",20jan2020,27971
"Milan",21jan2020,37758
"Rome",21jan2020,17462
"Naples",21jan2020,27743
"Milan",22jan2020,37785
"Rome",22jan2020,17646
"Naples",22jan2020,28136
"Milan",23jan2020,37939
"Rome",23jan2020,17598
"Naples",23jan2020,28265
"Milan",24jan2020,37873
"Rome",24jan2020,17385
"Naples",24jan2020,28340
"Milan",25jan2020,37932
"Rome",25jan2020,17473
"Naples",25jan2020,28305
"Milan",26jan2020,38143
"Rome",26jan2020,17411
"Naples",26jan2020,28480
"Milan",27jan2020,37827
"Rome",27jan2020,17145
"Naples",27jan2020,28424
"Milan",28jan2020,37697
"Rome",28jan2020,17230
"Naples",28jan2020,28436
"Milan",29jan2020,37855
"Rome",29jan2020,17337
"Naples",29jan2020,28261
"Milan",30jan2020,37808
"Rome",30jan2020,17192
"Naples",30jan2020,28213
"Milan",31jan2020,37754
"Rome",31jan2020,17342
"Naples",31jan2020,27811
"Milan",01feb2020,37906
"Rome",01feb2020,17337
"Naples",01feb2020,27912
"Milan",02feb2020,38053
"Rome",02feb2020,17807
"Naples",02feb2020,28326
"Milan",03feb2020,37810
"Rome",03feb2020,17528
"Naples",03feb2020,28419
"Milan",04feb2020,37913
"Rome",04feb2020,17414
"Naples",04feb2020,28398
"Milan",05feb2020,38138
"Rome",05feb2020,17584
"Naples",05feb2020,28332
"Milan",06feb2020,37998
"Rome",06feb2020,17241
"Naples",06feb2020,28129
"Milan",07feb2020,37800
"Rome",07feb2020,17610
"Naples",07feb2020,28198
"Milan",08feb2020,37618
"Rome",08feb2020,17484
"Naples",08feb2020,27955
"Milan",09feb2020,37750
"Rome",09feb2020,17458
"Naples",09feb2020,28221
"Milan",10feb2020,37867
"Rome",10feb2020,17236
"Naples",10feb2020,28364
"Milan",11feb2020,37921
"Rome",11feb2020,17480
"Naples",11feb2020,28469
"Milan",12feb2020,37659
"Rome",12feb2020,17645
"Naples",12feb2020,28502
"Milan",13feb2020,37808
"Rome",13feb2020,17554
"Naples",13feb2020,28525
