city,day,Gsearchprod
"Milan",15oct2018,9324
"Rome",15oct2018,4810
"Naples",15oct2018,605
"Milan",16oct2018,9208
"Rome",16oct2018,4730
"Naples",16oct2018,602
"Milan",17oct2018,9205
"Rome",17oct2018,4702
"Naples",17oct2018,713
"Milan",18oct2018,9230
"Rome",18oct2018,4879
"Naples",18oct2018,607
"Milan",19oct2018,9167
"Rome",19oct2018,4693
"Naples",19oct2018,819
"Milan",20oct2018,9142
"Rome",20oct2018,4855
"Naples",20oct2018,751
"Milan",21oct2018,9182
"Rome",21oct2018,4802
"Naples",21oct2018,622
"Milan",22oct2018,9195
"Rome",22oct2018,4665
"Naples",22oct2018,830
"Milan",23oct2018,9186
"Rome",23oct2018,4907
"Naples",23oct2018,620
"Milan",24oct2018,9115
"Rome",24oct2018,4732
"Naples",24oct2018,640
"Milan",25oct2018,9189
"Rome",25oct2018,4715
"Naples",25oct2018,666
"Milan",26oct2018,9133
"Rome",26oct2018,4833
"Naples",26oct2018,756
"Milan",27oct2018,9164
"Rome",27oct2018,4857
"Naples",27oct2018,646
"Milan",28oct2018,9210
"Rome",28oct2018,4758
"Naples",28oct2018,792
"Milan",29oct2018,9247
"Rome",29oct2018,4988
"Naples",29oct2018,539
"Milan",30oct2018,9172
"Rome",30oct2018,4809
"Naples",30oct2018,652
"Milan",31oct2018,9143
"Rome",31oct2018,4849
"Naples",31oct2018,507
"Milan",01nov2018,9214
"Rome",01nov2018,4911
"Naples",01nov2018,698
"Milan",02nov2018,9249
"Rome",02nov2018,4791
"Naples",02nov2018,742
"Milan",03nov2018,9146
"Rome",03nov2018,4822
"Naples",03nov2018,794
"Milan",04nov2018,9257
"Rome",04nov2018,4679
"Naples",04nov2018,601
"Milan",05nov2018,9242
"Rome",05nov2018,4738
"Naples",05nov2018,746
"Milan",06nov2018,9262
"Rome",06nov2018,4921
"Naples",06nov2018,583
"Milan",07nov2018,9179
"Rome",07nov2018,4781
"Naples",07nov2018,739
"Milan",08nov2018,9206
"Rome",08nov2018,4938
"Naples",08nov2018,643
"Milan",09nov2018,9271
"Rome",09nov2018,4796
"Naples",09nov2018,892
"Milan",10nov2018,9241
"Rome",10nov2018,4865
"Naples",10nov2018,671
"Milan",11nov2018,9281
"Rome",11nov2018,4728
"Naples",11nov2018,841
"Milan",12nov2018,9165
"Rome",12nov2018,4920
"Naples",12nov2018,672
"Milan",13nov2018,9328
"Rome",13nov2018,4930
"Naples",13nov2018,691
"Milan",14nov2018,9243
"Rome",14nov2018,4917
"Naples",14nov2018,703
"Milan",15nov2018,9171
"Rome",15nov2018,4779
"Naples",15nov2018,600
"Milan",16nov2018,9184
"Rome",16nov2018,4783
"Naples",16nov2018,806
"Milan",17nov2018,9283
"Rome",17nov2018,4756
"Naples",17nov2018,737
"Milan",18nov2018,9275
"Rome",18nov2018,4735
"Naples",18nov2018,782
"Milan",19nov2018,9272
"Rome",19nov2018,4884
"Naples",19nov2018,586
"Milan",20nov2018,9233
"Rome",20nov2018,4906
"Naples",20nov2018,717
"Milan",21nov2018,9181
"Rome",21nov2018,4785
"Naples",21nov2018,819
"Milan",22nov2018,9195
"Rome",22nov2018,4786
"Naples",22nov2018,840
"Milan",23nov2018,9241
"Rome",23nov2018,4883
"Naples",23nov2018,711
"Milan",24nov2018,9220
"Rome",24nov2018,4829
"Naples",24nov2018,689
"Milan",25nov2018,9254
"Rome",25nov2018,4944
"Naples",25nov2018,686
"Milan",26nov2018,9238
"Rome",26nov2018,4891
"Naples",26nov2018,791
"Milan",27nov2018,9239
"Rome",27nov2018,4738
"Naples",27nov2018,748
"Milan",28nov2018,9246
"Rome",28nov2018,4920
"Naples",28nov2018,703
"Milan",29nov2018,9206
"Rome",29nov2018,4793
"Naples",29nov2018,878
"Milan",30nov2018,9363
"Rome",30nov2018,4897
"Naples",30nov2018,738
"Milan",01dec2018,9196
"Rome",01dec2018,4954
"Naples",01dec2018,938
"Milan",02dec2018,9312
"Rome",02dec2018,4814
"Naples",02dec2018,881
"Milan",03dec2018,9233
"Rome",03dec2018,4720
"Naples",03dec2018,777
"Milan",04dec2018,9337
"Rome",04dec2018,4863
"Naples",04dec2018,866
"Milan",05dec2018,9224
"Rome",05dec2018,4806
"Naples",05dec2018,857
"Milan",06dec2018,9230
"Rome",06dec2018,4855
"Naples",06dec2018,744
"Milan",07dec2018,9324
"Rome",07dec2018,4801
"Naples",07dec2018,691
"Milan",08dec2018,9312
"Rome",08dec2018,4899
"Naples",08dec2018,811
"Milan",09dec2018,9337
"Rome",09dec2018,4964
"Naples",09dec2018,701
"Milan",10dec2018,9296
"Rome",10dec2018,4807
"Naples",10dec2018,816
"Milan",11dec2018,9351
"Rome",11dec2018,4928
"Naples",11dec2018,654
"Milan",12dec2018,9495
"Rome",12dec2018,5081
"Naples",12dec2018,1091
"Milan",13dec2018,9509
"Rome",13dec2018,4827
"Naples",13dec2018,1023
"Milan",14dec2018,9602
"Rome",14dec2018,5029
"Naples",14dec2018,966
"Milan",15dec2018,9511
"Rome",15dec2018,5066
"Naples",15dec2018,1087
"Milan",16dec2018,9490
"Rome",16dec2018,5239
"Naples",16dec2018,1079
"Milan",17dec2018,9460
"Rome",17dec2018,5093
"Naples",17dec2018,1039
"Milan",18dec2018,9450
"Rome",18dec2018,5274
"Naples",18dec2018,1038
"Milan",19dec2018,9576
"Rome",19dec2018,5005
"Naples",19dec2018,1186
"Milan",20dec2018,9572
"Rome",20dec2018,5138
"Naples",20dec2018,1056
"Milan",21dec2018,9454
"Rome",21dec2018,5038
"Naples",21dec2018,974
"Milan",22dec2018,9601
"Rome",22dec2018,5178
"Naples",22dec2018,1119
"Milan",23dec2018,9517
"Rome",23dec2018,5035
"Naples",23dec2018,1046
"Milan",24dec2018,9462
"Rome",24dec2018,5042
"Naples",24dec2018,968
"Milan",25dec2018,9498
"Rome",25dec2018,5196
"Naples",25dec2018,1010
"Milan",26dec2018,9601
"Rome",26dec2018,5144
"Naples",26dec2018,1171
"Milan",27dec2018,9563
"Rome",27dec2018,5211
"Naples",27dec2018,1064
"Milan",28dec2018,9581
"Rome",28dec2018,5068
"Naples",28dec2018,1021
"Milan",29dec2018,9579
"Rome",29dec2018,5034
"Naples",29dec2018,966
"Milan",30dec2018,9467
"Rome",30dec2018,5059
"Naples",30dec2018,994
"Milan",31dec2018,9676
"Rome",31dec2018,5279
"Naples",31dec2018,1066
"Milan",01jan2019,9339
"Rome",01jan2019,4956
"Naples",01jan2019,977
"Milan",02jan2019,9222
"Rome",02jan2019,4984
"Naples",02jan2019,932
"Milan",03jan2019,9308
"Rome",03jan2019,4943
"Naples",03jan2019,724
"Milan",04jan2019,9346
"Rome",04jan2019,4926
"Naples",04jan2019,766
"Milan",05jan2019,9253
"Rome",05jan2019,5000
"Naples",05jan2019,947
"Milan",06jan2019,9369
"Rome",06jan2019,4943
"Naples",06jan2019,890
"Milan",07jan2019,9323
"Rome",07jan2019,5013
"Naples",07jan2019,881
"Milan",08jan2019,9381
"Rome",08jan2019,5013
"Naples",08jan2019,768
"Milan",09jan2019,9383
"Rome",09jan2019,4911
"Naples",09jan2019,744
"Milan",10jan2019,9300
"Rome",10jan2019,4881
"Naples",10jan2019,1013
"Milan",11jan2019,9382
"Rome",11jan2019,4941
"Naples",11jan2019,1090
"Milan",12jan2019,9387
"Rome",12jan2019,5159
"Naples",12jan2019,871
"Milan",13jan2019,9321
"Rome",13jan2019,4950
"Naples",13jan2019,1105
"Milan",14jan2019,9299
"Rome",14jan2019,5021
"Naples",14jan2019,851
"Milan",15jan2019,9298
"Rome",15jan2019,4834
"Naples",15jan2019,830
"Milan",16jan2019,9388
"Rome",16jan2019,4836
"Naples",16jan2019,887
"Milan",17jan2019,9388
"Rome",17jan2019,5005
"Naples",17jan2019,933
"Milan",18jan2019,9383
"Rome",18jan2019,4801
"Naples",18jan2019,851
"Milan",19jan2019,9412
"Rome",19jan2019,4990
"Naples",19jan2019,951
"Milan",20jan2019,9355
"Rome",20jan2019,5073
"Naples",20jan2019,756
"Milan",21jan2019,9322
"Rome",21jan2019,5011
"Naples",21jan2019,861
"Milan",22jan2019,9291
"Rome",22jan2019,5001
"Naples",22jan2019,982
"Milan",23jan2019,9416
"Rome",23jan2019,5199
"Naples",23jan2019,635
"Milan",24jan2019,9355
"Rome",24jan2019,4887
"Naples",24jan2019,945
"Milan",25jan2019,9433
"Rome",25jan2019,5155
"Naples",25jan2019,762
"Milan",26jan2019,9393
"Rome",26jan2019,4852
"Naples",26jan2019,920
"Milan",27jan2019,9362
"Rome",27jan2019,4991
"Naples",27jan2019,1013
"Milan",28jan2019,9416
"Rome",28jan2019,4944
"Naples",28jan2019,1030
"Milan",29jan2019,9328
"Rome",29jan2019,4898
"Naples",29jan2019,931
"Milan",30jan2019,9396
"Rome",30jan2019,5036
"Naples",30jan2019,859
"Milan",31jan2019,9338
"Rome",31jan2019,4976
"Naples",31jan2019,761
"Milan",01feb2019,9430
"Rome",01feb2019,5042
"Naples",01feb2019,876
"Milan",02feb2019,9416
"Rome",02feb2019,5038
"Naples",02feb2019,804
"Milan",03feb2019,9442
"Rome",03feb2019,4877
"Naples",03feb2019,1109
"Milan",04feb2019,9391
"Rome",04feb2019,5058
"Naples",04feb2019,864
"Milan",05feb2019,9387
"Rome",05feb2019,4913
"Naples",05feb2019,989
"Milan",06feb2019,9317
"Rome",06feb2019,5014
"Naples",06feb2019,957
"Milan",07feb2019,9417
"Rome",07feb2019,5019
"Naples",07feb2019,656
"Milan",08feb2019,9451
"Rome",08feb2019,5015
"Naples",08feb2019,1024
"Milan",09feb2019,9380
"Rome",09feb2019,4968
"Naples",09feb2019,787
"Milan",10feb2019,9473
"Rome",10feb2019,5020
"Naples",10feb2019,886
"Milan",11feb2019,9455
"Rome",11feb2019,4971
"Naples",11feb2019,832
"Milan",12feb2019,9526
"Rome",12feb2019,4894
"Naples",12feb2019,810
"Milan",13feb2019,9460
"Rome",13feb2019,5065
"Naples",13feb2019,1004
"Milan",14feb2019,9467
"Rome",14feb2019,5040
"Naples",14feb2019,846
"Milan",15feb2019,9473
"Rome",15feb2019,4990
"Naples",15feb2019,807
"Milan",16feb2019,9457
"Rome",16feb2019,5017
"Naples",16feb2019,756
"Milan",17feb2019,9475
"Rome",17feb2019,4917
"Naples",17feb2019,983
"Milan",18feb2019,9365
"Rome",18feb2019,4933
"Naples",18feb2019,864
"Milan",19feb2019,9461
"Rome",19feb2019,4906
"Naples",19feb2019,948
"Milan",20feb2019,9376
"Rome",20feb2019,5096
"Naples",20feb2019,710
"Milan",21feb2019,9479
"Rome",21feb2019,5062
"Naples",21feb2019,1078
"Milan",22feb2019,9465
"Rome",22feb2019,5087
"Naples",22feb2019,1067
"Milan",23feb2019,9480
"Rome",23feb2019,5035
"Naples",23feb2019,1004
"Milan",24feb2019,9435
"Rome",24feb2019,5111
"Naples",24feb2019,916
"Milan",25feb2019,9467
"Rome",25feb2019,5008
"Naples",25feb2019,786
"Milan",26feb2019,9426
"Rome",26feb2019,5031
"Naples",26feb2019,900
"Milan",27feb2019,9454
"Rome",27feb2019,5043
"Naples",27feb2019,765
"Milan",28feb2019,9465
"Rome",28feb2019,4993
"Naples",28feb2019,986
"Milan",01mar2019,9472
"Rome",01mar2019,5263
"Naples",01mar2019,851
"Milan",02mar2019,9471
"Rome",02mar2019,4880
"Naples",02mar2019,885
"Milan",03mar2019,9354
"Rome",03mar2019,4915
"Naples",03mar2019,931
"Milan",04mar2019,9425
"Rome",04mar2019,5054
"Naples",04mar2019,863
"Milan",05mar2019,9447
"Rome",05mar2019,4961
"Naples",05mar2019,774
"Milan",06mar2019,9438
"Rome",06mar2019,4930
"Naples",06mar2019,929
"Milan",07mar2019,9456
"Rome",07mar2019,5087
"Naples",07mar2019,957
"Milan",08mar2019,9468
"Rome",08mar2019,5068
"Naples",08mar2019,1113
"Milan",09mar2019,9456
"Rome",09mar2019,5109
"Naples",09mar2019,1136
"Milan",10mar2019,9559
"Rome",10mar2019,5010
"Naples",10mar2019,998
"Milan",11mar2019,9579
"Rome",11mar2019,5057
"Naples",11mar2019,1008
"Milan",12mar2019,9503
"Rome",12mar2019,5061
"Naples",12mar2019,861
"Milan",13mar2019,9513
"Rome",13mar2019,5073
"Naples",13mar2019,922
"Milan",14mar2019,9441
"Rome",14mar2019,4970
"Naples",14mar2019,983
"Milan",15mar2019,9443
"Rome",15mar2019,5209
"Naples",15mar2019,1004
"Milan",16mar2019,9415
"Rome",16mar2019,5045
"Naples",16mar2019,944
"Milan",17mar2019,9475
"Rome",17mar2019,5085
"Naples",17mar2019,895
"Milan",18mar2019,9464
"Rome",18mar2019,5135
"Naples",18mar2019,907
"Milan",19mar2019,9509
"Rome",19mar2019,5037
"Naples",19mar2019,1038
"Milan",20mar2019,9459
"Rome",20mar2019,5096
"Naples",20mar2019,1091
"Milan",21mar2019,9634
"Rome",21mar2019,5161
"Naples",21mar2019,992
"Milan",22mar2019,9539
"Rome",22mar2019,5062
"Naples",22mar2019,980
"Milan",23mar2019,9367
"Rome",23mar2019,5032
"Naples",23mar2019,1039
"Milan",24mar2019,9535
"Rome",24mar2019,5096
"Naples",24mar2019,1100
"Milan",25mar2019,9461
"Rome",25mar2019,5014
"Naples",25mar2019,943
"Milan",26mar2019,9470
"Rome",26mar2019,5179
"Naples",26mar2019,820
"Milan",27mar2019,9480
"Rome",27mar2019,5137
"Naples",27mar2019,1089
"Milan",28mar2019,9451
"Rome",28mar2019,5058
"Naples",28mar2019,1046
"Milan",29mar2019,9642
"Rome",29mar2019,4977
"Naples",29mar2019,1000
"Milan",30mar2019,9516
"Rome",30mar2019,5152
"Naples",30mar2019,952
"Milan",31mar2019,9515
"Rome",31mar2019,5128
"Naples",31mar2019,961
"Milan",01apr2019,9470
"Rome",01apr2019,5030
"Naples",01apr2019,838
"Milan",02apr2019,9500
"Rome",02apr2019,5288
"Naples",02apr2019,1098
"Milan",03apr2019,9533
"Rome",03apr2019,5229
"Naples",03apr2019,963
"Milan",04apr2019,9524
"Rome",04apr2019,5006
"Naples",04apr2019,1007
"Milan",05apr2019,9453
"Rome",05apr2019,5183
"Naples",05apr2019,895
"Milan",06apr2019,9497
"Rome",06apr2019,5176
"Naples",06apr2019,1144
"Milan",07apr2019,9593
"Rome",07apr2019,5060
"Naples",07apr2019,973
"Milan",08apr2019,9555
"Rome",08apr2019,5237
"Naples",08apr2019,1091
"Milan",09apr2019,9533
"Rome",09apr2019,5099
"Naples",09apr2019,1027
"Milan",10apr2019,9613
"Rome",10apr2019,5131
"Naples",10apr2019,841
"Milan",11apr2019,9579
"Rome",11apr2019,5324
"Naples",11apr2019,1102
"Milan",12apr2019,9572
"Rome",12apr2019,5090
"Naples",12apr2019,956
"Milan",13apr2019,9506
"Rome",13apr2019,5195
"Naples",13apr2019,1139
"Milan",14apr2019,9509
"Rome",14apr2019,4999
"Naples",14apr2019,1207
"Milan",15apr2019,9517
"Rome",15apr2019,5078
"Naples",15apr2019,1008
"Milan",16apr2019,9563
"Rome",16apr2019,5160
"Naples",16apr2019,1281
"Milan",17apr2019,9605
"Rome",17apr2019,5175
"Naples",17apr2019,1151
"Milan",18apr2019,9534
"Rome",18apr2019,5258
"Naples",18apr2019,909
"Milan",19apr2019,9536
"Rome",19apr2019,5209
"Naples",19apr2019,1069
"Milan",20apr2019,9501
"Rome",20apr2019,5041
"Naples",20apr2019,1097
"Milan",21apr2019,9585
"Rome",21apr2019,5174
"Naples",21apr2019,1118
"Milan",22apr2019,9460
"Rome",22apr2019,5376
"Naples",22apr2019,1165
"Milan",23apr2019,9561
"Rome",23apr2019,5128
"Naples",23apr2019,1196
"Milan",24apr2019,9622
"Rome",24apr2019,5132
"Naples",24apr2019,913
"Milan",25apr2019,9641
"Rome",25apr2019,5121
"Naples",25apr2019,1115
"Milan",26apr2019,9626
"Rome",26apr2019,5232
"Naples",26apr2019,973
"Milan",27apr2019,9498
"Rome",27apr2019,5282
"Naples",27apr2019,963
"Milan",28apr2019,9604
"Rome",28apr2019,5157
"Naples",28apr2019,1004
"Milan",29apr2019,9571
"Rome",29apr2019,5207
"Naples",29apr2019,1039
"Milan",30apr2019,9550
"Rome",30apr2019,5226
"Naples",30apr2019,1092
"Milan",01may2019,9555
"Rome",01may2019,5221
"Naples",01may2019,1128
"Milan",02may2019,9609
"Rome",02may2019,5157
"Naples",02may2019,1161
"Milan",03may2019,9607
"Rome",03may2019,5229
"Naples",03may2019,923
"Milan",04may2019,9612
"Rome",04may2019,5254
"Naples",04may2019,1077
"Milan",05may2019,9607
"Rome",05may2019,5161
"Naples",05may2019,1046
"Milan",06may2019,9562
"Rome",06may2019,5149
"Naples",06may2019,1083
"Milan",07may2019,9569
"Rome",07may2019,5178
"Naples",07may2019,1069
"Milan",08may2019,9595
"Rome",08may2019,5146
"Naples",08may2019,868
"Milan",09may2019,9669
"Rome",09may2019,5268
"Naples",09may2019,1134
"Milan",10may2019,9546
"Rome",10may2019,5209
"Naples",10may2019,1008
"Milan",11may2019,9600
"Rome",11may2019,5151
"Naples",11may2019,1165
"Milan",12may2019,9468
"Rome",12may2019,5216
"Naples",12may2019,1198
"Milan",13may2019,9577
"Rome",13may2019,5170
"Naples",13may2019,1124
"Milan",14may2019,9556
"Rome",14may2019,5096
"Naples",14may2019,1087
"Milan",15may2019,9577
"Rome",15may2019,5190
"Naples",15may2019,997
"Milan",16may2019,9641
"Rome",16may2019,5323
"Naples",16may2019,1330
"Milan",17may2019,9546
"Rome",17may2019,5229
"Naples",17may2019,854
"Milan",18may2019,9512
"Rome",18may2019,5192
"Naples",18may2019,992
"Milan",19may2019,9642
"Rome",19may2019,5103
"Naples",19may2019,980
"Milan",20may2019,9682
"Rome",20may2019,5195
"Naples",20may2019,1152
"Milan",21may2019,9547
"Rome",21may2019,5145
"Naples",21may2019,1174
"Milan",22may2019,9581
"Rome",22may2019,5139
"Naples",22may2019,1003
"Milan",23may2019,9564
"Rome",23may2019,5095
"Naples",23may2019,1120
"Milan",24may2019,9647
"Rome",24may2019,5315
"Naples",24may2019,1214
"Milan",25may2019,9628
"Rome",25may2019,5163
"Naples",25may2019,844
"Milan",26may2019,9578
"Rome",26may2019,5168
"Naples",26may2019,1363
"Milan",27may2019,9618
"Rome",27may2019,5225
"Naples",27may2019,966
"Milan",28may2019,9561
"Rome",28may2019,5240
"Naples",28may2019,1151
"Milan",29may2019,9620
"Rome",29may2019,5222
"Naples",29may2019,1099
"Milan",30may2019,9615
"Rome",30may2019,5304
"Naples",30may2019,1189
"Milan",31may2019,9692
"Rome",31may2019,5208
"Naples",31may2019,835
"Milan",01jun2019,9665
"Rome",01jun2019,5279
"Naples",01jun2019,972
"Milan",02jun2019,9796
"Rome",02jun2019,5209
"Naples",02jun2019,1265
"Milan",03jun2019,9588
"Rome",03jun2019,5269
"Naples",03jun2019,1224
"Milan",04jun2019,9599
"Rome",04jun2019,5259
"Naples",04jun2019,1077
"Milan",05jun2019,9617
"Rome",05jun2019,5174
"Naples",05jun2019,1286
"Milan",06jun2019,9671
"Rome",06jun2019,5301
"Naples",06jun2019,1079
"Milan",07jun2019,9619
"Rome",07jun2019,5260
"Naples",07jun2019,1077
"Milan",08jun2019,9696
"Rome",08jun2019,5313
"Naples",08jun2019,1067
"Milan",09jun2019,9592
"Rome",09jun2019,5396
"Naples",09jun2019,1445
"Milan",10jun2019,9661
"Rome",10jun2019,5347
"Naples",10jun2019,1101
"Milan",11jun2019,9654
"Rome",11jun2019,5370
"Naples",11jun2019,1203
"Milan",12jun2019,9660
"Rome",12jun2019,5332
"Naples",12jun2019,1226
"Milan",13jun2019,9659
"Rome",13jun2019,5198
"Naples",13jun2019,1047
"Milan",14jun2019,9690
"Rome",14jun2019,5243
"Naples",14jun2019,1244
"Milan",15jun2019,9632
"Rome",15jun2019,5339
"Naples",15jun2019,1159
"Milan",16jun2019,9659
"Rome",16jun2019,5264
"Naples",16jun2019,1038
"Milan",17jun2019,9638
"Rome",17jun2019,5347
"Naples",17jun2019,1095
"Milan",18jun2019,9677
"Rome",18jun2019,5257
"Naples",18jun2019,1139
"Milan",19jun2019,9640
"Rome",19jun2019,5276
"Naples",19jun2019,1155
"Milan",20jun2019,9562
"Rome",20jun2019,5246
"Naples",20jun2019,905
"Milan",21jun2019,9710
"Rome",21jun2019,5280
"Naples",21jun2019,1482
"Milan",22jun2019,9632
"Rome",22jun2019,5240
"Naples",22jun2019,1060
"Milan",23jun2019,9689
"Rome",23jun2019,5307
"Naples",23jun2019,1200
"Milan",24jun2019,9634
"Rome",24jun2019,5247
"Naples",24jun2019,1110
"Milan",25jun2019,9676
"Rome",25jun2019,5305
"Naples",25jun2019,1287
"Milan",26jun2019,9788
"Rome",26jun2019,5489
"Naples",26jun2019,1311
"Milan",27jun2019,9708
"Rome",27jun2019,5315
"Naples",27jun2019,978
"Milan",28jun2019,9643
"Rome",28jun2019,5553
"Naples",28jun2019,1058
"Milan",29jun2019,9693
"Rome",29jun2019,5200
"Naples",29jun2019,1127
"Milan",30jun2019,9613
"Rome",30jun2019,5303
"Naples",30jun2019,1158
"Milan",01jul2019,9677
"Rome",01jul2019,5200
"Naples",01jul2019,1172
"Milan",02jul2019,9640
"Rome",02jul2019,5261
"Naples",02jul2019,1250
"Milan",03jul2019,9624
"Rome",03jul2019,5397
"Naples",03jul2019,1166
"Milan",04jul2019,9638
"Rome",04jul2019,5303
"Naples",04jul2019,1072
"Milan",05jul2019,9673
"Rome",05jul2019,5433
"Naples",05jul2019,1140
"Milan",06jul2019,9694
"Rome",06jul2019,5352
"Naples",06jul2019,1152
"Milan",07jul2019,9792
"Rome",07jul2019,5433
"Naples",07jul2019,1005
"Milan",08jul2019,9674
"Rome",08jul2019,5391
"Naples",08jul2019,1147
"Milan",09jul2019,9706
"Rome",09jul2019,5399
"Naples",09jul2019,1019
"Milan",10jul2019,9822
"Rome",10jul2019,5369
"Naples",10jul2019,1340
"Milan",11jul2019,9660
"Rome",11jul2019,5338
"Naples",11jul2019,1226
"Milan",12jul2019,9785
"Rome",12jul2019,5374
"Naples",12jul2019,1117
"Milan",13jul2019,9597
"Rome",13jul2019,5319
"Naples",13jul2019,1080
"Milan",14jul2019,9726
"Rome",14jul2019,5266
"Naples",14jul2019,1236
"Milan",15jul2019,9661
"Rome",15jul2019,5350
"Naples",15jul2019,1156
"Milan",16jul2019,9689
"Rome",16jul2019,5191
"Naples",16jul2019,1220
"Milan",17jul2019,9852
"Rome",17jul2019,5239
"Naples",17jul2019,1189
"Milan",18jul2019,9717
"Rome",18jul2019,5430
"Naples",18jul2019,1117
"Milan",19jul2019,9734
"Rome",19jul2019,5291
"Naples",19jul2019,988
"Milan",20jul2019,9702
"Rome",20jul2019,5324
"Naples",20jul2019,1230
"Milan",21jul2019,9735
"Rome",21jul2019,5204
"Naples",21jul2019,1245
"Milan",22jul2019,9650
"Rome",22jul2019,5337
"Naples",22jul2019,1238
"Milan",23jul2019,9762
"Rome",23jul2019,5449
"Naples",23jul2019,1187
"Milan",24jul2019,9729
"Rome",24jul2019,5218
"Naples",24jul2019,1248
"Milan",25jul2019,9786
"Rome",25jul2019,5471
"Naples",25jul2019,1193
"Milan",26jul2019,9715
"Rome",26jul2019,5369
"Naples",26jul2019,1204
"Milan",27jul2019,9737
"Rome",27jul2019,5362
"Naples",27jul2019,1241
"Milan",28jul2019,9738
"Rome",28jul2019,5306
"Naples",28jul2019,1293
"Milan",29jul2019,9758
"Rome",29jul2019,5392
"Naples",29jul2019,1223
"Milan",30jul2019,9807
"Rome",30jul2019,5486
"Naples",30jul2019,1265
"Milan",31jul2019,9802
"Rome",31jul2019,5408
"Naples",31jul2019,1364
"Milan",01aug2019,9705
"Rome",01aug2019,5362
"Naples",01aug2019,1248
"Milan",02aug2019,9837
"Rome",02aug2019,5290
"Naples",02aug2019,1245
"Milan",03aug2019,9756
"Rome",03aug2019,5309
"Naples",03aug2019,1328
"Milan",04aug2019,9733
"Rome",04aug2019,5363
"Naples",04aug2019,1462
"Milan",05aug2019,9795
"Rome",05aug2019,5498
"Naples",05aug2019,1297
"Milan",06aug2019,9702
"Rome",06aug2019,5424
"Naples",06aug2019,1267
"Milan",07aug2019,9785
"Rome",07aug2019,5368
"Naples",07aug2019,1184
"Milan",08aug2019,9768
"Rome",08aug2019,5293
"Naples",08aug2019,1172
"Milan",09aug2019,9718
"Rome",09aug2019,5239
"Naples",09aug2019,1050
"Milan",10aug2019,9822
"Rome",10aug2019,5281
"Naples",10aug2019,1204
"Milan",11aug2019,9854
"Rome",11aug2019,5307
"Naples",11aug2019,1058
"Milan",12aug2019,9773
"Rome",12aug2019,5408
"Naples",12aug2019,1192
"Milan",13aug2019,9705
"Rome",13aug2019,5325
"Naples",13aug2019,1215
"Milan",14aug2019,9769
"Rome",14aug2019,5356
"Naples",14aug2019,1182
"Milan",15aug2019,9857
"Rome",15aug2019,5397
"Naples",15aug2019,1350
"Milan",16aug2019,9744
"Rome",16aug2019,5454
"Naples",16aug2019,1293
"Milan",17aug2019,9866
"Rome",17aug2019,5337
"Naples",17aug2019,1462
"Milan",18aug2019,9714
"Rome",18aug2019,5303
"Naples",18aug2019,1174
"Milan",19aug2019,9815
"Rome",19aug2019,5426
"Naples",19aug2019,1267
"Milan",20aug2019,9777
"Rome",20aug2019,5291
"Naples",20aug2019,1192
"Milan",21aug2019,9767
"Rome",21aug2019,5416
"Naples",21aug2019,1209
"Milan",22aug2019,9731
"Rome",22aug2019,5491
"Naples",22aug2019,1362
"Milan",23aug2019,9703
"Rome",23aug2019,5262
"Naples",23aug2019,1394
"Milan",24aug2019,9737
"Rome",24aug2019,5382
"Naples",24aug2019,1249
"Milan",25aug2019,9754
"Rome",25aug2019,5531
"Naples",25aug2019,1315
"Milan",26aug2019,9749
"Rome",26aug2019,5351
"Naples",26aug2019,1341
"Milan",27aug2019,9784
"Rome",27aug2019,5322
"Naples",27aug2019,1438
"Milan",28aug2019,9729
"Rome",28aug2019,5509
"Naples",28aug2019,1482
"Milan",29aug2019,9916
"Rome",29aug2019,5595
"Naples",29aug2019,1291
"Milan",30aug2019,9822
"Rome",30aug2019,5398
"Naples",30aug2019,1415
"Milan",31aug2019,9788
"Rome",31aug2019,5513
"Naples",31aug2019,1247
"Milan",01sep2019,9840
"Rome",01sep2019,5412
"Naples",01sep2019,1337
"Milan",02sep2019,9875
"Rome",02sep2019,5327
"Naples",02sep2019,1224
"Milan",03sep2019,9783
"Rome",03sep2019,5382
"Naples",03sep2019,1397
"Milan",04sep2019,9834
"Rome",04sep2019,5314
"Naples",04sep2019,1479
"Milan",05sep2019,9749
"Rome",05sep2019,5318
"Naples",05sep2019,1170
"Milan",06sep2019,9815
"Rome",06sep2019,5404
"Naples",06sep2019,1234
"Milan",07sep2019,9878
"Rome",07sep2019,5290
"Naples",07sep2019,1363
"Milan",08sep2019,9868
"Rome",08sep2019,5397
"Naples",08sep2019,1231
"Milan",09sep2019,9874
"Rome",09sep2019,5493
"Naples",09sep2019,1478
"Milan",10sep2019,9851
"Rome",10sep2019,5353
"Naples",10sep2019,1308
"Milan",11sep2019,9793
"Rome",11sep2019,5488
"Naples",11sep2019,1457
"Milan",12sep2019,9818
"Rome",12sep2019,5417
"Naples",12sep2019,1165
"Milan",13sep2019,9862
"Rome",13sep2019,5471
"Naples",13sep2019,1406
"Milan",14sep2019,9825
"Rome",14sep2019,5460
"Naples",14sep2019,1255
"Milan",15sep2019,9775
"Rome",15sep2019,5387
"Naples",15sep2019,1101
"Milan",16sep2019,9861
"Rome",16sep2019,5301
"Naples",16sep2019,1349
"Milan",17sep2019,9865
"Rome",17sep2019,5438
"Naples",17sep2019,1384
"Milan",18sep2019,9803
"Rome",18sep2019,5395
"Naples",18sep2019,1289
"Milan",19sep2019,9772
"Rome",19sep2019,5348
"Naples",19sep2019,1313
"Milan",20sep2019,9938
"Rome",20sep2019,5441
"Naples",20sep2019,1352
"Milan",21sep2019,9860
"Rome",21sep2019,5250
"Naples",21sep2019,1332
"Milan",22sep2019,9925
"Rome",22sep2019,5377
"Naples",22sep2019,1412
"Milan",23sep2019,9899
"Rome",23sep2019,5450
"Naples",23sep2019,1457
"Milan",24sep2019,9841
"Rome",24sep2019,5466
"Naples",24sep2019,1384
"Milan",25sep2019,9888
"Rome",25sep2019,5494
"Naples",25sep2019,1189
"Milan",26sep2019,9793
"Rome",26sep2019,5569
"Naples",26sep2019,1329
"Milan",27sep2019,9849
"Rome",27sep2019,5442
"Naples",27sep2019,1401
"Milan",28sep2019,9826
"Rome",28sep2019,5440
"Naples",28sep2019,1426
"Milan",29sep2019,9802
"Rome",29sep2019,5428
"Naples",29sep2019,1405
"Milan",30sep2019,9839
"Rome",30sep2019,5554
"Naples",30sep2019,1472
"Milan",01oct2019,9881
"Rome",01oct2019,5511
"Naples",01oct2019,1280
"Milan",02oct2019,9889
"Rome",02oct2019,5477
"Naples",02oct2019,1421
"Milan",03oct2019,9834
"Rome",03oct2019,5507
"Naples",03oct2019,1426
"Milan",04oct2019,9817
"Rome",04oct2019,5555
"Naples",04oct2019,1418
"Milan",05oct2019,9841
"Rome",05oct2019,5483
"Naples",05oct2019,1305
"Milan",06oct2019,9827
"Rome",06oct2019,5489
"Naples",06oct2019,1301
"Milan",07oct2019,9940
"Rome",07oct2019,5350
"Naples",07oct2019,1289
"Milan",08oct2019,9887
"Rome",08oct2019,5650
"Naples",08oct2019,1316
"Milan",09oct2019,9771
"Rome",09oct2019,5583
"Naples",09oct2019,1317
"Milan",10oct2019,9850
"Rome",10oct2019,5453
"Naples",10oct2019,1394
"Milan",11oct2019,9962
"Rome",11oct2019,5375
"Naples",11oct2019,1371
"Milan",12oct2019,9844
"Rome",12oct2019,5397
"Naples",12oct2019,1358
"Milan",13oct2019,9916
"Rome",13oct2019,5529
"Naples",13oct2019,1533
"Milan",14oct2019,9955
"Rome",14oct2019,5381
"Naples",14oct2019,1320
"Milan",15oct2019,9850
"Rome",15oct2019,5466
"Naples",15oct2019,1515
"Milan",16oct2019,9848
"Rome",16oct2019,5677
"Naples",16oct2019,1266
"Milan",17oct2019,9947
"Rome",17oct2019,5396
"Naples",17oct2019,1426
"Milan",18oct2019,9850
"Rome",18oct2019,5578
"Naples",18oct2019,1488
"Milan",19oct2019,9958
"Rome",19oct2019,5574
"Naples",19oct2019,1401
"Milan",20oct2019,9908
"Rome",20oct2019,5599
"Naples",20oct2019,1306
"Milan",21oct2019,9891
"Rome",21oct2019,5505
"Naples",21oct2019,1284
"Milan",22oct2019,9986
"Rome",22oct2019,5497
"Naples",22oct2019,1269
"Milan",23oct2019,9952
"Rome",23oct2019,5450
"Naples",23oct2019,1364
"Milan",24oct2019,9962
"Rome",24oct2019,5522
"Naples",24oct2019,1561
"Milan",25oct2019,9811
"Rome",25oct2019,5501
"Naples",25oct2019,1438
"Milan",26oct2019,9947
"Rome",26oct2019,5477
"Naples",26oct2019,1397
"Milan",27oct2019,9922
"Rome",27oct2019,5657
"Naples",27oct2019,1580
"Milan",28oct2019,9963
"Rome",28oct2019,5535
"Naples",28oct2019,1319
"Milan",29oct2019,9940
"Rome",29oct2019,5557
"Naples",29oct2019,1431
"Milan",30oct2019,9987
"Rome",30oct2019,5519
"Naples",30oct2019,1435
"Milan",31oct2019,9991
"Rome",31oct2019,5534
"Naples",31oct2019,1310
"Milan",01nov2019,9868
"Rome",01nov2019,5538
"Naples",01nov2019,1417
"Milan",02nov2019,9894
"Rome",02nov2019,5542
"Naples",02nov2019,1542
"Milan",03nov2019,9927
"Rome",03nov2019,5621
"Naples",03nov2019,1427
"Milan",04nov2019,10005
"Rome",04nov2019,5530
"Naples",04nov2019,1346
"Milan",05nov2019,9847
"Rome",05nov2019,5661
"Naples",05nov2019,1499
"Milan",06nov2019,9874
"Rome",06nov2019,5551
"Naples",06nov2019,1439
"Milan",07nov2019,9876
"Rome",07nov2019,5460
"Naples",07nov2019,1658
"Milan",08nov2019,9935
"Rome",08nov2019,5426
"Naples",08nov2019,1472
"Milan",09nov2019,9989
"Rome",09nov2019,5561
"Naples",09nov2019,1570
"Milan",10nov2019,9918
"Rome",10nov2019,5723
"Naples",10nov2019,1429
"Milan",11nov2019,10048
"Rome",11nov2019,5665
"Naples",11nov2019,1567
"Milan",12nov2019,9860
"Rome",12nov2019,5550
"Naples",12nov2019,1342
"Milan",13nov2019,9937
"Rome",13nov2019,5442
"Naples",13nov2019,1295
"Milan",14nov2019,9919
"Rome",14nov2019,5566
"Naples",14nov2019,1584
"Milan",15nov2019,9965
"Rome",15nov2019,5541
"Naples",15nov2019,1525
"Milan",16nov2019,9997
"Rome",16nov2019,5511
"Naples",16nov2019,1538
"Milan",17nov2019,9909
"Rome",17nov2019,5584
"Naples",17nov2019,1359
"Milan",18nov2019,10039
"Rome",18nov2019,5579
"Naples",18nov2019,1555
"Milan",19nov2019,9944
"Rome",19nov2019,5584
"Naples",19nov2019,1321
"Milan",20nov2019,9979
"Rome",20nov2019,5607
"Naples",20nov2019,1607
"Milan",21nov2019,10040
"Rome",21nov2019,5600
"Naples",21nov2019,1619
"Milan",22nov2019,9942
"Rome",22nov2019,5435
"Naples",22nov2019,1433
"Milan",23nov2019,9933
"Rome",23nov2019,5483
"Naples",23nov2019,1526
"Milan",24nov2019,9963
"Rome",24nov2019,5598
"Naples",24nov2019,1375
"Milan",25nov2019,10083
"Rome",25nov2019,5620
"Naples",25nov2019,1404
"Milan",26nov2019,9889
"Rome",26nov2019,5690
"Naples",26nov2019,1484
"Milan",27nov2019,10117
"Rome",27nov2019,5479
"Naples",27nov2019,1344
"Milan",28nov2019,10024
"Rome",28nov2019,5663
"Naples",28nov2019,1640
"Milan",29nov2019,10019
"Rome",29nov2019,5481
"Naples",29nov2019,1372
"Milan",30nov2019,10051
"Rome",30nov2019,5510
"Naples",30nov2019,1535
"Milan",01dec2019,10003
"Rome",01dec2019,5700
"Naples",01dec2019,1531
"Milan",02dec2019,9973
"Rome",02dec2019,5680
"Naples",02dec2019,1463
"Milan",03dec2019,10042
"Rome",03dec2019,5632
"Naples",03dec2019,1542
"Milan",04dec2019,10073
"Rome",04dec2019,5728
"Naples",04dec2019,1488
"Milan",05dec2019,10002
"Rome",05dec2019,5595
"Naples",05dec2019,1650
"Milan",06dec2019,10049
"Rome",06dec2019,5574
"Naples",06dec2019,1381
"Milan",07dec2019,10020
"Rome",07dec2019,5601
"Naples",07dec2019,1593
"Milan",08dec2019,10037
"Rome",08dec2019,5525
"Naples",08dec2019,1432
"Milan",09dec2019,10029
"Rome",09dec2019,5672
"Naples",09dec2019,1576
"Milan",10dec2019,9957
"Rome",10dec2019,5503
"Naples",10dec2019,1483
"Milan",11dec2019,10180
"Rome",11dec2019,5668
"Naples",11dec2019,1630
"Milan",12dec2019,10224
"Rome",12dec2019,5727
"Naples",12dec2019,1878
"Milan",13dec2019,10218
"Rome",13dec2019,5833
"Naples",13dec2019,1672
"Milan",14dec2019,10202
"Rome",14dec2019,5846
"Naples",14dec2019,1572
"Milan",15dec2019,10159
"Rome",15dec2019,5816
"Naples",15dec2019,1582
"Milan",16dec2019,10358
"Rome",16dec2019,5813
"Naples",16dec2019,1758
"Milan",17dec2019,10193
"Rome",17dec2019,5844
"Naples",17dec2019,1729
"Milan",18dec2019,10355
"Rome",18dec2019,5951
"Naples",18dec2019,1819
"Milan",19dec2019,10289
"Rome",19dec2019,5846
"Naples",19dec2019,1968
"Milan",20dec2019,10225
"Rome",20dec2019,5897
"Naples",20dec2019,1800
"Milan",21dec2019,10189
"Rome",21dec2019,5789
"Naples",21dec2019,1806
"Milan",22dec2019,10258
"Rome",22dec2019,5912
"Naples",22dec2019,1997
"Milan",23dec2019,10357
"Rome",23dec2019,5882
"Naples",23dec2019,1813
"Milan",24dec2019,10305
"Rome",24dec2019,5748
"Naples",24dec2019,1795
"Milan",25dec2019,10264
"Rome",25dec2019,5819
"Naples",25dec2019,1745
"Milan",26dec2019,10382
"Rome",26dec2019,5783
"Naples",26dec2019,1704
"Milan",27dec2019,10367
"Rome",27dec2019,5785
"Naples",27dec2019,1897
"Milan",28dec2019,10271
"Rome",28dec2019,5649
"Naples",28dec2019,1745
"Milan",29dec2019,10221
"Rome",29dec2019,5987
"Naples",29dec2019,1666
"Milan",30dec2019,10257
"Rome",30dec2019,5904
"Naples",30dec2019,1665
"Milan",31dec2019,10246
"Rome",31dec2019,5847
"Naples",31dec2019,1743
"Milan",01jan2020,10138
"Rome",01jan2020,5695
"Naples",01jan2020,1761
"Milan",02jan2020,10054
"Rome",02jan2020,5687
"Naples",02jan2020,1563
"Milan",03jan2020,10030
"Rome",03jan2020,5632
"Naples",03jan2020,1495
"Milan",04jan2020,10015
"Rome",04jan2020,5641
"Naples",04jan2020,1523
"Milan",05jan2020,10186
"Rome",05jan2020,5694
"Naples",05jan2020,1444
"Milan",06jan2020,10085
"Rome",06jan2020,5592
"Naples",06jan2020,1613
"Milan",07jan2020,10051
"Rome",07jan2020,5651
"Naples",07jan2020,1659
"Milan",08jan2020,10057
"Rome",08jan2020,5580
"Naples",08jan2020,1583
"Milan",09jan2020,10174
"Rome",09jan2020,5647
"Naples",09jan2020,1752
"Milan",10jan2020,10101
"Rome",10jan2020,5607
"Naples",10jan2020,1611
"Milan",11jan2020,10090
"Rome",11jan2020,5612
"Naples",11jan2020,1588
"Milan",12jan2020,10104
"Rome",12jan2020,5686
"Naples",12jan2020,1632
"Milan",13jan2020,10075
"Rome",13jan2020,5661
"Naples",13jan2020,1596
"Milan",14jan2020,10068
"Rome",14jan2020,5526
"Naples",14jan2020,1749
"Milan",15jan2020,10062
"Rome",15jan2020,5649
"Naples",15jan2020,1546
"Milan",16jan2020,10081
"Rome",16jan2020,5679
"Naples",16jan2020,1583
"Milan",17jan2020,10139
"Rome",17jan2020,5603
"Naples",17jan2020,1622
"Milan",18jan2020,10111
"Rome",18jan2020,5779
"Naples",18jan2020,1554
"Milan",19jan2020,10103
"Rome",19jan2020,5693
"Naples",19jan2020,1594
"Milan",20jan2020,10075
"Rome",20jan2020,5784
"Naples",20jan2020,1652
"Milan",21jan2020,10109
"Rome",21jan2020,5607
"Naples",21jan2020,1500
"Milan",22jan2020,10072
"Rome",22jan2020,5648
"Naples",22jan2020,1768
"Milan",23jan2020,10168
"Rome",23jan2020,5799
"Naples",23jan2020,1768
"Milan",24jan2020,10070
"Rome",24jan2020,5786
"Naples",24jan2020,1759
"Milan",25jan2020,10083
"Rome",25jan2020,5768
"Naples",25jan2020,1632
"Milan",26jan2020,10198
"Rome",26jan2020,5682
"Naples",26jan2020,1570
"Milan",27jan2020,10079
"Rome",27jan2020,5641
"Naples",27jan2020,1690
"Milan",28jan2020,10083
"Rome",28jan2020,5669
"Naples",28jan2020,1788
"Milan",29jan2020,10181
"Rome",29jan2020,5698
"Naples",29jan2020,1658
"Milan",30jan2020,10124
"Rome",30jan2020,5801
"Naples",30jan2020,1856
"Milan",31jan2020,10057
"Rome",31jan2020,5742
"Naples",31jan2020,1535
"Milan",01feb2020,10188
"Rome",01feb2020,5739
"Naples",01feb2020,1792
"Milan",02feb2020,10077
"Rome",02feb2020,5795
"Naples",02feb2020,1677
"Milan",03feb2020,10140
"Rome",03feb2020,5794
"Naples",03feb2020,1770
"Milan",04feb2020,10140
"Rome",04feb2020,5717
"Naples",04feb2020,1712
"Milan",05feb2020,10184
"Rome",05feb2020,5785
"Naples",05feb2020,1458
"Milan",06feb2020,10173
"Rome",06feb2020,5799
"Naples",06feb2020,1509
"Milan",07feb2020,10108
"Rome",07feb2020,5809
"Naples",07feb2020,1851
"Milan",08feb2020,10022
"Rome",08feb2020,5607
"Naples",08feb2020,1578
"Milan",09feb2020,10138
"Rome",09feb2020,5672
"Naples",09feb2020,1585
"Milan",10feb2020,10210
"Rome",10feb2020,5611
"Naples",10feb2020,1575
"Milan",11feb2020,10201
"Rome",11feb2020,5810
"Naples",11feb2020,1674
"Milan",12feb2020,10080
"Rome",12feb2020,5864
"Naples",12feb2020,1577
"Milan",13feb2020,10229
"Rome",13feb2020,5854
"Naples",13feb2020,1642
