city,day,convrate,avspend
"Milan",15oct2018,.477,60.04
"Rome",15oct2018,.463,47.74
"Naples",15oct2018,.613,26.14
"Milan",16oct2018,.456,67.34
"Rome",16oct2018,.58,34.76
"Naples",16oct2018,.525,31.46
"Milan",17oct2018,.721,43.48
"Rome",17oct2018,.527,38.34
"Naples",17oct2018,.507,31.58
"Milan",18oct2018,.427,70.71
"Rome",18oct2018,.66,29
"Naples",18oct2018,.469,33.97
"Milan",19oct2018,.614,49.44
"Rome",19oct2018,.654,30.22
"Naples",19oct2018,.414,42.25
"Milan",20oct2018,.582,55.13
"Rome",20oct2018,.437,43.89
"Naples",20oct2018,.605,22.04
"Milan",21oct2018,.365,77.2
"Rome",21oct2018,.563,37.5
"Naples",21oct2018,.733,24.56
"Milan",22oct2018,.495,59.68
"Rome",22oct2018,.708,30.26
"Naples",22oct2018,.666,23.16
"Milan",23oct2018,.739,38.02
"Rome",23oct2018,.361,53.72
"Naples",23oct2018,.48,31.12
"Milan",24oct2018,.442,67.31
"Rome",24oct2018,.604,33.94
"Naples",24oct2018,.442,37.59
"Milan",25oct2018,.493,65.04
"Rome",25oct2018,.724,27.32
"Naples",25oct2018,.614,23.76
"Milan",26oct2018,.694,44.37
"Rome",26oct2018,.59,33.51
"Naples",26oct2018,.533,31.72
"Milan",27oct2018,.728,43.01
"Rome",27oct2018,.569,32.59
"Naples",27oct2018,.441,37.44
"Milan",28oct2018,.63,48.78
"Rome",28oct2018,.657,29.31
"Naples",28oct2018,.416,37.22
"Milan",29oct2018,.38,83.22
"Rome",29oct2018,.604,35.12
"Naples",29oct2018,.368,45.67
"Milan",30oct2018,.475,68.16
"Rome",30oct2018,.532,37.63
"Naples",30oct2018,.449,32
"Milan",31oct2018,.541,53.65
"Rome",31oct2018,.552,37.1
"Naples",31oct2018,.57,27.04
"Milan",01nov2018,.648,48.74
"Rome",01nov2018,.457,42.77
"Naples",01nov2018,.519,33.06
"Milan",02nov2018,.386,79.59
"Rome",02nov2018,.534,40.91
"Naples",02nov2018,.5,34.87
"Milan",03nov2018,.372,80.38
"Rome",03nov2018,.438,46.08
"Naples",03nov2018,.434,41.17
"Milan",04nov2018,.649,44.35
"Rome",04nov2018,.591,36.15
"Naples",04nov2018,.426,37.68
"Milan",05nov2018,.382,77.34
"Rome",05nov2018,.399,55.32
"Naples",05nov2018,.647,23.25
"Milan",06nov2018,.477,63.53
"Rome",06nov2018,.43,47.69
"Naples",06nov2018,.745,22.02
"Milan",07nov2018,.467,67.89
"Rome",07nov2018,.602,32.68
"Naples",07nov2018,.623,28.1
"Milan",08nov2018,.722,43.26
"Rome",08nov2018,.411,45.63
"Naples",08nov2018,.449,35.96
"Milan",09nov2018,.415,69.6
"Rome",09nov2018,.639,35.04
"Naples",09nov2018,.734,20.46
"Milan",10nov2018,.403,70.04
"Rome",10nov2018,.734,27.66
"Naples",10nov2018,.424,39.86
"Milan",11nov2018,.439,67.7
"Rome",11nov2018,.526,39.01
"Naples",11nov2018,.396,36.48
"Milan",12nov2018,.67,45.33
"Rome",12nov2018,.687,27.91
"Naples",12nov2018,.458,33.56
"Milan",13nov2018,.632,46.93
"Rome",13nov2018,.357,56.03
"Naples",13nov2018,.739,20.73
"Milan",14nov2018,.634,46.89
"Rome",14nov2018,.539,36.65
"Naples",14nov2018,.645,22.83
"Milan",15nov2018,.706,44.08
"Rome",15nov2018,.712,30.87
"Naples",15nov2018,.726,21.4
"Milan",16nov2018,.46,66.17
"Rome",16nov2018,.43,48.56
"Naples",16nov2018,.438,38.84
"Milan",17nov2018,.733,42.13
"Rome",17nov2018,.432,43.81
"Naples",17nov2018,.572,29.25
"Milan",18nov2018,.461,64.54
"Rome",18nov2018,.713,28.41
"Naples",18nov2018,.505,31.58
"Milan",19nov2018,.573,49.59
"Rome",19nov2018,.457,41.28
"Naples",19nov2018,.457,37.33
"Milan",20nov2018,.578,49.29
"Rome",20nov2018,.692,32.3
"Naples",20nov2018,.354,43.56
"Milan",21nov2018,.398,70.35
"Rome",21nov2018,.516,39.33
"Naples",21nov2018,.737,24.14
"Milan",22nov2018,.458,67.36
"Rome",22nov2018,.5,40.64
"Naples",22nov2018,.619,25.54
"Milan",23nov2018,.486,63.94
"Rome",23nov2018,.364,58.22
"Naples",23nov2018,.698,23.18
"Milan",24nov2018,.713,43.37
"Rome",24nov2018,.607,32.45
"Naples",24nov2018,.696,26.29
"Milan",25nov2018,.728,41.81
"Rome",25nov2018,.733,28.82
"Naples",25nov2018,.49,32.24
"Milan",26nov2018,.524,56.8
"Rome",26nov2018,.46,47.7
"Naples",26nov2018,.522,29.32
"Milan",27nov2018,.613,48.18
"Rome",27nov2018,.63,31.18
"Naples",27nov2018,.423,38.3
"Milan",28nov2018,.364,84.57
"Rome",28nov2018,.679,28.41
"Naples",28nov2018,.693,24.4
"Milan",29nov2018,.744,41.71
"Rome",29nov2018,.56,35.96
"Naples",29nov2018,.707,23.15
"Milan",30nov2018,.599,47.89
"Rome",30nov2018,.368,52.61
"Naples",30nov2018,.492,31.36
"Milan",01dec2018,.634,46.79
"Rome",01dec2018,.387,57.5
"Naples",01dec2018,.47,33.85
"Milan",02dec2018,.409,72.34
"Rome",02dec2018,.561,34.94
"Naples",02dec2018,.524,29.77
"Milan",03dec2018,.412,70.21
"Rome",03dec2018,.704,27.64
"Naples",03dec2018,.628,26.99
"Milan",04dec2018,.552,55.61
"Rome",04dec2018,.392,52.18
"Naples",04dec2018,.661,27.13
"Milan",05dec2018,.552,52.32
"Rome",05dec2018,.505,37.39
"Naples",05dec2018,.46,37.57
"Milan",06dec2018,.478,59.41
"Rome",06dec2018,.654,32.23
"Naples",06dec2018,.735,22.37
"Milan",07dec2018,.359,79.39
"Rome",07dec2018,.458,40.95
"Naples",07dec2018,.461,29.86
"Milan",08dec2018,.518,55.93
"Rome",08dec2018,.48,39.21
"Naples",08dec2018,.65,24.2
"Milan",09dec2018,.745,40.86
"Rome",09dec2018,.743,28.47
"Naples",09dec2018,.722,21.3
"Milan",10dec2018,.534,57.78
"Rome",10dec2018,.414,52.45
"Naples",10dec2018,.481,32.42
"Milan",11dec2018,.457,68.48
"Rome",11dec2018,.456,45.8
"Naples",11dec2018,.426,36.88
"Milan",12dec2018,.632,50.98
"Rome",12dec2018,.363,61.28
"Naples",12dec2018,.358,47.03
"Milan",13dec2018,.665,43.66
"Rome",13dec2018,.68,30.42
"Naples",13dec2018,.441,44.53
"Milan",14dec2018,.714,43.89
"Rome",14dec2018,.449,43.87
"Naples",14dec2018,.673,26.25
"Milan",15dec2018,.62,47.87
"Rome",15dec2018,.44,46.6
"Naples",15dec2018,.673,24.87
"Milan",16dec2018,.638,48.43
"Rome",16dec2018,.416,47.09
"Naples",16dec2018,.551,32.97
"Milan",17dec2018,.373,88.18
"Rome",17dec2018,.713,28.42
"Naples",17dec2018,.473,35.48
"Milan",18dec2018,.466,64.19
"Rome",18dec2018,.693,31.39
"Naples",18dec2018,.47,36.51
"Milan",19dec2018,.37,86.14
"Rome",19dec2018,.599,34.46
"Naples",19dec2018,.563,29.8
"Milan",20dec2018,.607,52.04
"Rome",20dec2018,.707,29.35
"Naples",20dec2018,.645,26.59
"Milan",21dec2018,.632,47.59
"Rome",21dec2018,.396,50.51
"Naples",21dec2018,.638,26.79
"Milan",22dec2018,.65,46.17
"Rome",22dec2018,.699,30.3
"Naples",22dec2018,.738,21.95
"Milan",23dec2018,.563,52.05
"Rome",23dec2018,.709,30.87
"Naples",23dec2018,.373,49
"Milan",24dec2018,.705,43.41
"Rome",24dec2018,.567,37.32
"Naples",24dec2018,.547,28.85
"Milan",25dec2018,.398,81.89
"Rome",25dec2018,.649,33.1
"Naples",25dec2018,.382,44.91
"Milan",26dec2018,.439,67.48
"Rome",26dec2018,.592,34.33
"Naples",26dec2018,.623,27.42
"Milan",27dec2018,.377,80.94
"Rome",27dec2018,.54,40.52
"Naples",27dec2018,.609,26.42
"Milan",28dec2018,.546,57.23
"Rome",28dec2018,.473,43.71
"Naples",28dec2018,.666,25.3
"Milan",29dec2018,.601,51.72
"Rome",29dec2018,.676,30.62
"Naples",29dec2018,.473,39.63
"Milan",30dec2018,.612,47.19
"Rome",30dec2018,.698,31.9
"Naples",30dec2018,.618,27.36
"Milan",31dec2018,.534,63.33
"Rome",31dec2018,.708,30.31
"Naples",31dec2018,.738,22.78
"Milan",01jan2019,.438,65.66
"Rome",01jan2019,.456,47.27
"Naples",01jan2019,.547,28.02
"Milan",02jan2019,.429,70.11
"Rome",02jan2019,.538,39.29
"Naples",02jan2019,.728,21.04
"Milan",03jan2019,.673,41.85
"Rome",03jan2019,.612,29.85
"Naples",03jan2019,.716,21.08
"Milan",04jan2019,.723,39.57
"Rome",04jan2019,.4,53.13
"Naples",04jan2019,.36,49.1
"Milan",05jan2019,.727,40.09
"Rome",05jan2019,.518,40.98
"Naples",05jan2019,.365,44.48
"Milan",06jan2019,.394,72.71
"Rome",06jan2019,.616,33.42
"Naples",06jan2019,.589,26.66
"Milan",07jan2019,.414,73.3
"Rome",07jan2019,.72,27.65
"Naples",07jan2019,.449,36.43
"Milan",08jan2019,.446,67.7
"Rome",08jan2019,.355,56.35
"Naples",08jan2019,.358,44.61
"Milan",09jan2019,.623,47.27
"Rome",09jan2019,.439,45.74
"Naples",09jan2019,.721,22.91
"Milan",10jan2019,.746,39.91
"Rome",10jan2019,.702,26.79
"Naples",10jan2019,.434,34.83
"Milan",11jan2019,.569,54.14
"Rome",11jan2019,.487,43.14
"Naples",11jan2019,.441,39.82
"Milan",12jan2019,.704,44.85
"Rome",12jan2019,.729,27.44
"Naples",12jan2019,.652,23.85
"Milan",13jan2019,.656,45.26
"Rome",13jan2019,.351,59.42
"Naples",13jan2019,.525,29.22
"Milan",14jan2019,.452,64.97
"Rome",14jan2019,.426,47.43
"Naples",14jan2019,.371,47.29
"Milan",15jan2019,.368,78.36
"Rome",15jan2019,.673,28.25
"Naples",15jan2019,.672,22.66
"Milan",16jan2019,.612,46.55
"Rome",16jan2019,.358,50.89
"Naples",16jan2019,.486,31.5
"Milan",17jan2019,.747,40.82
"Rome",17jan2019,.453,42.9
"Naples",17jan2019,.432,35.01
"Milan",18jan2019,.695,41.07
"Rome",18jan2019,.506,41.19
"Naples",18jan2019,.466,32.79
"Milan",19jan2019,.41,72.16
"Rome",19jan2019,.61,33.72
"Naples",19jan2019,.386,46.44
"Milan",20jan2019,.557,54.72
"Rome",20jan2019,.747,27.72
"Naples",20jan2019,.542,28.34
"Milan",21jan2019,.42,71.41
"Rome",21jan2019,.574,38.8
"Naples",21jan2019,.677,24.37
"Milan",22jan2019,.481,63.33
"Rome",22jan2019,.377,49.12
"Naples",22jan2019,.713,23.96
"Milan",23jan2019,.376,77.88
"Rome",23jan2019,.664,28.03
"Naples",23jan2019,.737,22.72
"Milan",24jan2019,.588,48.3
"Rome",24jan2019,.357,58.22
"Naples",24jan2019,.648,25.17
"Milan",25jan2019,.553,52.46
"Rome",25jan2019,.614,31.3
"Naples",25jan2019,.402,42.61
"Milan",26jan2019,.508,55.59
"Rome",26jan2019,.448,44.62
"Naples",26jan2019,.722,22.31
"Milan",27jan2019,.693,42.41
"Rome",27jan2019,.432,49.85
"Naples",27jan2019,.581,31.02
"Milan",28jan2019,.464,67.07
"Rome",28jan2019,.394,47.43
"Naples",28jan2019,.557,30.63
"Milan",29jan2019,.559,52.05
"Rome",29jan2019,.448,39.37
"Naples",29jan2019,.47,32.74
"Milan",30jan2019,.471,66.34
"Rome",30jan2019,.651,31.27
"Naples",30jan2019,.448,37.56
"Milan",31jan2019,.467,63.72
"Rome",31jan2019,.524,37.36
"Naples",31jan2019,.509,32.79
"Milan",01feb2019,.746,39.08
"Rome",01feb2019,.672,29.62
"Naples",01feb2019,.529,30.05
"Milan",02feb2019,.586,51.7
"Rome",02feb2019,.634,34.02
"Naples",02feb2019,.748,21.66
"Milan",03feb2019,.649,46.02
"Rome",03feb2019,.42,44.65
"Naples",03feb2019,.548,25.09
"Milan",04feb2019,.627,50.12
"Rome",04feb2019,.586,36.17
"Naples",04feb2019,.529,31.7
"Milan",05feb2019,.666,45.91
"Rome",05feb2019,.703,29.23
"Naples",05feb2019,.374,37.31
"Milan",06feb2019,.673,43.64
"Rome",06feb2019,.515,38.21
"Naples",06feb2019,.581,26.13
"Milan",07feb2019,.716,42.78
"Rome",07feb2019,.458,46.23
"Naples",07feb2019,.631,26.36
"Milan",08feb2019,.727,41.7
"Rome",08feb2019,.571,35.01
"Naples",08feb2019,.35,48.89
"Milan",09feb2019,.654,47.43
"Rome",09feb2019,.72,27.51
"Naples",09feb2019,.48,32.03
"Milan",10feb2019,.642,45.7
"Rome",10feb2019,.513,38.43
"Naples",10feb2019,.484,33.53
"Milan",11feb2019,.369,80.52
"Rome",11feb2019,.473,40.82
"Naples",11feb2019,.739,22.41
"Milan",12feb2019,.733,41.59
"Rome",12feb2019,.666,29.66
"Naples",12feb2019,.38,43.34
"Milan",13feb2019,.659,47.4
"Rome",13feb2019,.501,43.79
"Naples",13feb2019,.565,29.6
"Milan",14feb2019,.597,52.54
"Rome",14feb2019,.543,37.01
"Naples",14feb2019,.363,42.02
"Milan",15feb2019,.629,48.15
"Rome",15feb2019,.587,33.21
"Naples",15feb2019,.449,37.29
"Milan",16feb2019,.425,72.83
"Rome",16feb2019,.391,45.85
"Naples",16feb2019,.685,23.98
"Milan",17feb2019,.577,53.37
"Rome",17feb2019,.471,42.96
"Naples",17feb2019,.611,26.66
"Milan",18feb2019,.526,58.22
"Rome",18feb2019,.496,40.76
"Naples",18feb2019,.589,26.98
"Milan",19feb2019,.427,69.86
"Rome",19feb2019,.375,49.2
"Naples",19feb2019,.559,26.75
"Milan",20feb2019,.49,61.4
"Rome",20feb2019,.441,44.45
"Naples",20feb2019,.747,21.66
"Milan",21feb2019,.484,64.95
"Rome",21feb2019,.463,40.97
"Naples",21feb2019,.637,27.45
"Milan",22feb2019,.4,72.02
"Rome",22feb2019,.681,29.08
"Naples",22feb2019,.49,34.84
"Milan",23feb2019,.713,43.74
"Rome",23feb2019,.549,39.59
"Naples",23feb2019,.536,31.19
"Milan",24feb2019,.445,67.36
"Rome",24feb2019,.401,54.31
"Naples",24feb2019,.749,20.7
"Milan",25feb2019,.55,55.19
"Rome",25feb2019,.561,38.03
"Naples",25feb2019,.531,33.96
"Milan",26feb2019,.535,55.08
"Rome",26feb2019,.577,33.72
"Naples",26feb2019,.611,25.36
"Milan",27feb2019,.53,59.34
"Rome",27feb2019,.439,48.42
"Naples",27feb2019,.481,33.19
"Milan",28feb2019,.529,54.91
"Rome",28feb2019,.63,31.98
"Naples",28feb2019,.382,43.15
"Milan",01mar2019,.565,51.66
"Rome",01mar2019,.546,39.67
"Naples",01mar2019,.547,30.31
"Milan",02mar2019,.705,42.65
"Rome",02mar2019,.641,33.63
"Naples",02mar2019,.582,27.46
"Milan",03mar2019,.54,51.28
"Rome",03mar2019,.405,49.06
"Naples",03mar2019,.696,24.24
"Milan",04mar2019,.374,80.2
"Rome",04mar2019,.458,41.94
"Naples",04mar2019,.552,28.79
"Milan",05mar2019,.385,77.04
"Rome",05mar2019,.435,48.69
"Naples",05mar2019,.722,19.63
"Milan",06mar2019,.427,74.62
"Rome",06mar2019,.613,30.07
"Naples",06mar2019,.615,25.71
"Milan",07mar2019,.455,67.5
"Rome",07mar2019,.541,38.42
"Naples",07mar2019,.464,32.55
"Milan",08mar2019,.436,68.63
"Rome",08mar2019,.718,29.03
"Naples",08mar2019,.659,24.04
"Milan",09mar2019,.483,63.91
"Rome",09mar2019,.384,54.13
"Naples",09mar2019,.679,21.97
"Milan",10mar2019,.477,63.73
"Rome",10mar2019,.479,42.88
"Naples",10mar2019,.371,42.63
"Milan",11mar2019,.564,53.11
"Rome",11mar2019,.614,32.68
"Naples",11mar2019,.662,22.83
"Milan",12mar2019,.541,56.41
"Rome",12mar2019,.404,54.51
"Naples",12mar2019,.603,27.23
"Milan",13mar2019,.523,56
"Rome",13mar2019,.429,44.09
"Naples",13mar2019,.486,34.37
"Milan",14mar2019,.478,64.29
"Rome",14mar2019,.643,30.16
"Naples",14mar2019,.684,23.47
"Milan",15mar2019,.405,79.3
"Rome",15mar2019,.509,41.07
"Naples",15mar2019,.41,38.71
"Milan",16mar2019,.649,47.88
"Rome",16mar2019,.712,29.75
"Naples",16mar2019,.685,21.36
"Milan",17mar2019,.417,75.02
"Rome",17mar2019,.571,35.54
"Naples",17mar2019,.362,46.62
"Milan",18mar2019,.432,74.18
"Rome",18mar2019,.382,46.32
"Naples",18mar2019,.411,42.99
"Milan",19mar2019,.677,45.81
"Rome",19mar2019,.664,30.07
"Naples",19mar2019,.512,30.79
"Milan",20mar2019,.512,58.24
"Rome",20mar2019,.73,28.13
"Naples",20mar2019,.522,30.46
"Milan",21mar2019,.482,60.02
"Rome",21mar2019,.567,35.4
"Naples",21mar2019,.727,23.35
"Milan",22mar2019,.689,42.14
"Rome",22mar2019,.403,47.98
"Naples",22mar2019,.369,45.1
"Milan",23mar2019,.442,67.9
"Rome",23mar2019,.586,32.05
"Naples",23mar2019,.681,24.02
"Milan",24mar2019,.432,68.22
"Rome",24mar2019,.57,33.45
"Naples",24mar2019,.382,40.48
"Milan",25mar2019,.356,82.61
"Rome",25mar2019,.69,29.3
"Naples",25mar2019,.375,39.25
"Milan",26mar2019,.518,61.65
"Rome",26mar2019,.515,37.91
"Naples",26mar2019,.701,22.21
"Milan",27mar2019,.744,40.97
"Rome",27mar2019,.58,36.08
"Naples",27mar2019,.5,33.61
"Milan",28mar2019,.382,77.93
"Rome",28mar2019,.739,27.51
"Naples",28mar2019,.686,23.91
"Milan",29mar2019,.717,43.54
"Rome",29mar2019,.61,33.13
"Naples",29mar2019,.725,21.26
"Milan",30mar2019,.528,57.75
"Rome",30mar2019,.568,34.74
"Naples",30mar2019,.492,32.94
"Milan",31mar2019,.373,79.15
"Rome",31mar2019,.471,48.17
"Naples",31mar2019,.498,33.74
"Milan",01apr2019,.402,76.08
"Rome",01apr2019,.514,40.08
"Naples",01apr2019,.725,22.35
"Milan",02apr2019,.606,50.49
"Rome",02apr2019,.727,28.29
"Naples",02apr2019,.518,30.83
"Milan",03apr2019,.405,74.78
"Rome",03apr2019,.539,37.83
"Naples",03apr2019,.562,29.14
"Milan",04apr2019,.411,68.61
"Rome",04apr2019,.682,29.35
"Naples",04apr2019,.382,42.35
"Milan",05apr2019,.615,50.48
"Rome",05apr2019,.525,38.24
"Naples",05apr2019,.362,41.35
"Milan",06apr2019,.676,45.33
"Rome",06apr2019,.371,57.16
"Naples",06apr2019,.674,21.35
"Milan",07apr2019,.543,60.38
"Rome",07apr2019,.434,46.42
"Naples",07apr2019,.622,24.97
"Milan",08apr2019,.4,78.88
"Rome",08apr2019,.424,43.97
"Naples",08apr2019,.452,35.7
"Milan",09apr2019,.593,50.83
"Rome",09apr2019,.504,40.49
"Naples",09apr2019,.405,38.58
"Milan",10apr2019,.732,41.58
"Rome",10apr2019,.662,31.87
"Naples",10apr2019,.459,33.42
"Milan",11apr2019,.656,45.27
"Rome",11apr2019,.638,30.06
"Naples",11apr2019,.581,24.23
"Milan",12apr2019,.709,42.88
"Rome",12apr2019,.537,39.52
"Naples",12apr2019,.614,26.54
"Milan",13apr2019,.606,49.57
"Rome",13apr2019,.507,36.82
"Naples",13apr2019,.581,26.38
"Milan",14apr2019,.581,52.24
"Rome",14apr2019,.437,46.5
"Naples",14apr2019,.656,23.42
"Milan",15apr2019,.555,54.78
"Rome",15apr2019,.508,39.19
"Naples",15apr2019,.649,25.13
"Milan",16apr2019,.42,74.42
"Rome",16apr2019,.595,33.79
"Naples",16apr2019,.468,35.33
"Milan",17apr2019,.547,55.32
"Rome",17apr2019,.528,35.48
"Naples",17apr2019,.431,39.65
"Milan",18apr2019,.388,73.98
"Rome",18apr2019,.738,27.38
"Naples",18apr2019,.358,43.44
"Milan",19apr2019,.4,73.86
"Rome",19apr2019,.444,45.98
"Naples",19apr2019,.384,40.72
"Milan",20apr2019,.437,69.39
"Rome",20apr2019,.513,40.69
"Naples",20apr2019,.359,38.23
"Milan",21apr2019,.576,55.7
"Rome",21apr2019,.549,38.15
"Naples",21apr2019,.535,30.35
"Milan",22apr2019,.701,42.92
"Rome",22apr2019,.647,29.78
"Naples",22apr2019,.745,22.05
"Milan",23apr2019,.531,58.38
"Rome",23apr2019,.461,43.98
"Naples",23apr2019,.526,28.98
"Milan",24apr2019,.359,83.85
"Rome",24apr2019,.377,57.66
"Naples",24apr2019,.456,33.57
"Milan",25apr2019,.538,54.65
"Rome",25apr2019,.392,54.46
"Naples",25apr2019,.566,29.97
"Milan",26apr2019,.59,53.24
"Rome",26apr2019,.549,39.52
"Naples",26apr2019,.645,26.83
"Milan",27apr2019,.441,71.34
"Rome",27apr2019,.584,33.19
"Naples",27apr2019,.43,35.48
"Milan",28apr2019,.596,50.51
"Rome",28apr2019,.737,27.53
"Naples",28apr2019,.727,21.95
"Milan",29apr2019,.361,83.86
"Rome",29apr2019,.402,53.66
"Naples",29apr2019,.503,30.33
"Milan",30apr2019,.698,42.23
"Rome",30apr2019,.622,32.85
"Naples",30apr2019,.369,42.33
"Milan",01may2019,.463,63.07
"Rome",01may2019,.658,29.45
"Naples",01may2019,.727,21.37
"Milan",02may2019,.513,60.14
"Rome",02may2019,.481,42.34
"Naples",02may2019,.595,28.84
"Milan",03may2019,.682,42.58
"Rome",03may2019,.601,35.6
"Naples",03may2019,.696,23.7
"Milan",04may2019,.39,77.3
"Rome",04may2019,.691,29.87
"Naples",04may2019,.49,32.54
"Milan",05may2019,.444,67.35
"Rome",05may2019,.737,28.55
"Naples",05may2019,.506,28.51
"Milan",06may2019,.509,59.75
"Rome",06may2019,.637,29.55
"Naples",06may2019,.629,26.3
"Milan",07may2019,.746,41.33
"Rome",07may2019,.59,34.81
"Naples",07may2019,.672,22.96
"Milan",08may2019,.547,57.07
"Rome",08may2019,.568,38.54
"Naples",08may2019,.649,26.29
"Milan",09may2019,.743,39.61
"Rome",09may2019,.392,47.32
"Naples",09may2019,.373,42.87
"Milan",10may2019,.504,59.04
"Rome",10may2019,.734,27.49
"Naples",10may2019,.727,23.68
"Milan",11may2019,.661,45.09
"Rome",11may2019,.738,26
"Naples",11may2019,.58,30.46
"Milan",12may2019,.561,53.75
"Rome",12may2019,.728,27.45
"Naples",12may2019,.711,22.24
"Milan",13may2019,.351,86.26
"Rome",13may2019,.47,42.1
"Naples",13may2019,.464,36.02
"Milan",14may2019,.484,62.15
"Rome",14may2019,.439,46.84
"Naples",14may2019,.719,22.84
"Milan",15may2019,.531,58.16
"Rome",15may2019,.705,29.84
"Naples",15may2019,.737,23.75
"Milan",16may2019,.463,66.05
"Rome",16may2019,.401,45.63
"Naples",16may2019,.542,26.8
"Milan",17may2019,.727,42.2
"Rome",17may2019,.707,27.03
"Naples",17may2019,.683,24.5
"Milan",18may2019,.377,80.37
"Rome",18may2019,.441,44.05
"Naples",18may2019,.666,26.38
"Milan",19may2019,.694,45.18
"Rome",19may2019,.514,39.52
"Naples",19may2019,.521,30.26
"Milan",20may2019,.447,68.81
"Rome",20may2019,.602,33.57
"Naples",20may2019,.657,26.15
"Milan",21may2019,.414,70.39
"Rome",21may2019,.592,33.54
"Naples",21may2019,.366,44.9
"Milan",22may2019,.511,56.41
"Rome",22may2019,.57,35
"Naples",22may2019,.402,38.44
"Milan",23may2019,.7,43.16
"Rome",23may2019,.624,34.83
"Naples",23may2019,.384,44.22
"Milan",24may2019,.467,65.67
"Rome",24may2019,.628,30.98
"Naples",24may2019,.456,35.96
"Milan",25may2019,.467,65.93
"Rome",25may2019,.379,53.58
"Naples",25may2019,.489,33.47
"Milan",26may2019,.457,63.35
"Rome",26may2019,.567,36.15
"Naples",26may2019,.503,32.86
"Milan",27may2019,.551,52.23
"Rome",27may2019,.554,36.07
"Naples",27may2019,.456,36.2
"Milan",28may2019,.359,83.08
"Rome",28may2019,.554,36.48
"Naples",28may2019,.737,22.52
"Milan",29may2019,.375,80.18
"Rome",29may2019,.518,47.34
"Naples",29may2019,.554,29.38
"Milan",30may2019,.647,47.78
"Rome",30may2019,.499,38.1
"Naples",30may2019,.388,44.18
"Milan",31may2019,.704,42.78
"Rome",31may2019,.497,42.75
"Naples",31may2019,.72,22.6
"Milan",01jun2019,.715,42.59
"Rome",01jun2019,.375,56.13
"Naples",01jun2019,.415,42.77
"Milan",02jun2019,.657,50.68
"Rome",02jun2019,.493,41.94
"Naples",02jun2019,.542,29.01
"Milan",03jun2019,.411,70.9
"Rome",03jun2019,.649,30.73
"Naples",03jun2019,.481,35.96
"Milan",04jun2019,.497,61.15
"Rome",04jun2019,.648,29.39
"Naples",04jun2019,.482,32.94
"Milan",05jun2019,.484,64.25
"Rome",05jun2019,.682,31.36
"Naples",05jun2019,.442,34.57
"Milan",06jun2019,.596,52.5
"Rome",06jun2019,.469,41.79
"Naples",06jun2019,.603,25.55
"Milan",07jun2019,.635,47.02
"Rome",07jun2019,.579,31.9
"Naples",07jun2019,.637,24.96
"Milan",08jun2019,.704,43.38
"Rome",08jun2019,.426,47.15
"Naples",08jun2019,.609,28.33
"Milan",09jun2019,.488,60.23
"Rome",09jun2019,.359,59.75
"Naples",09jun2019,.651,23.1
"Milan",10jun2019,.564,51.83
"Rome",10jun2019,.643,30.72
"Naples",10jun2019,.368,40.29
"Milan",11jun2019,.372,85.45
"Rome",11jun2019,.376,57.13
"Naples",11jun2019,.738,23.91
"Milan",12jun2019,.724,43.22
"Rome",12jun2019,.516,39.47
"Naples",12jun2019,.55,30.02
"Milan",13jun2019,.387,77.77
"Rome",13jun2019,.614,30.85
"Naples",13jun2019,.417,41.05
"Milan",14jun2019,.43,68.48
"Rome",14jun2019,.545,37.24
"Naples",14jun2019,.642,24.82
"Milan",15jun2019,.366,83.12
"Rome",15jun2019,.524,40.08
"Naples",15jun2019,.417,41.54
"Milan",16jun2019,.712,43.75
"Rome",16jun2019,.501,40.66
"Naples",16jun2019,.553,27.82
"Milan",17jun2019,.683,44.32
"Rome",17jun2019,.435,45.24
"Naples",17jun2019,.506,32.24
"Milan",18jun2019,.647,42.11
"Rome",18jun2019,.497,40.54
"Naples",18jun2019,.388,43.79
"Milan",19jun2019,.533,55.52
"Rome",19jun2019,.665,29.74
"Naples",19jun2019,.566,29.46
"Milan",20jun2019,.506,58.11
"Rome",20jun2019,.663,31.26
"Naples",20jun2019,.627,27.53
"Milan",21jun2019,.56,54.77
"Rome",21jun2019,.551,37.83
"Naples",21jun2019,.433,35.94
"Milan",22jun2019,.608,49.07
"Rome",22jun2019,.45,43.36
"Naples",22jun2019,.75,20.33
"Milan",23jun2019,.566,52.33
"Rome",23jun2019,.56,38.91
"Naples",23jun2019,.547,28.19
"Milan",24jun2019,.384,75.84
"Rome",24jun2019,.674,27.48
"Naples",24jun2019,.611,27.54
"Milan",25jun2019,.352,86.35
"Rome",25jun2019,.668,29.54
"Naples",25jun2019,.47,36.74
"Milan",26jun2019,.49,62.01
"Rome",26jun2019,.388,49.62
"Naples",26jun2019,.516,32.47
"Milan",27jun2019,.399,79.19
"Rome",27jun2019,.505,35.64
"Naples",27jun2019,.507,32.8
"Milan",28jun2019,.402,76.93
"Rome",28jun2019,.428,51.59
"Naples",28jun2019,.738,20.32
"Milan",29jun2019,.615,49.83
"Rome",29jun2019,.451,41.94
"Naples",29jun2019,.547,29.66
"Milan",30jun2019,.715,41.97
"Rome",30jun2019,.664,30.03
"Naples",30jun2019,.6,25.52
"Milan",01jul2019,.647,48.02
"Rome",01jul2019,.721,30.11
"Naples",01jul2019,.407,41.49
"Milan",02jul2019,.596,48.99
"Rome",02jul2019,.698,30.06
"Naples",02jul2019,.469,30.25
"Milan",03jul2019,.457,68.09
"Rome",03jul2019,.407,48
"Naples",03jul2019,.732,23.93
"Milan",04jul2019,.513,61.05
"Rome",04jul2019,.548,34.09
"Naples",04jul2019,.519,31.91
"Milan",05jul2019,.571,52.55
"Rome",05jul2019,.659,29.62
"Naples",05jul2019,.476,33.87
"Milan",06jul2019,.452,67.08
"Rome",06jul2019,.501,38.65
"Naples",06jul2019,.641,26.92
"Milan",07jul2019,.383,78.25
"Rome",07jul2019,.558,34.72
"Naples",07jul2019,.521,32.12
"Milan",08jul2019,.516,55.86
"Rome",08jul2019,.71,29.09
"Naples",08jul2019,.547,31.56
"Milan",09jul2019,.436,72.88
"Rome",09jul2019,.724,31.93
"Naples",09jul2019,.537,27.66
"Milan",10jul2019,.659,46.99
"Rome",10jul2019,.541,38.21
"Naples",10jul2019,.579,27.41
"Milan",11jul2019,.61,49.09
"Rome",11jul2019,.545,37.31
"Naples",11jul2019,.508,30.71
"Milan",12jul2019,.726,40.28
"Rome",12jul2019,.564,32.33
"Naples",12jul2019,.437,35.74
"Milan",13jul2019,.36,83.79
"Rome",13jul2019,.586,36.2
"Naples",13jul2019,.381,43.82
"Milan",14jul2019,.662,44.92
"Rome",14jul2019,.701,28.92
"Naples",14jul2019,.678,23.14
"Milan",15jul2019,.444,68.38
"Rome",15jul2019,.742,24.51
"Naples",15jul2019,.679,23
"Milan",16jul2019,.671,44.69
"Rome",16jul2019,.73,27.68
"Naples",16jul2019,.678,25.39
"Milan",17jul2019,.533,58.3
"Rome",17jul2019,.71,28.14
"Naples",17jul2019,.588,28.22
"Milan",18jul2019,.432,71.07
"Rome",18jul2019,.713,26.57
"Naples",18jul2019,.534,32.26
"Milan",19jul2019,.597,54.14
"Rome",19jul2019,.496,43.1
"Naples",19jul2019,.535,31.88
"Milan",20jul2019,.481,64.4
"Rome",20jul2019,.367,56.13
"Naples",20jul2019,.504,31.72
"Milan",21jul2019,.668,45.29
"Rome",21jul2019,.367,53.38
"Naples",21jul2019,.392,38.8
"Milan",22jul2019,.683,45.31
"Rome",22jul2019,.369,61.05
"Naples",22jul2019,.423,37.44
"Milan",23jul2019,.355,86.39
"Rome",23jul2019,.552,38.74
"Naples",23jul2019,.379,41.82
"Milan",24jul2019,.427,74.36
"Rome",24jul2019,.418,48.45
"Naples",24jul2019,.47,35.36
"Milan",25jul2019,.393,75.06
"Rome",25jul2019,.597,34.47
"Naples",25jul2019,.45,32.61
"Milan",26jul2019,.558,54.47
"Rome",26jul2019,.394,50.08
"Naples",26jul2019,.443,39.21
"Milan",27jul2019,.437,68.74
"Rome",27jul2019,.711,29.24
"Naples",27jul2019,.54,29.14
"Milan",28jul2019,.51,59.22
"Rome",28jul2019,.541,35.66
"Naples",28jul2019,.677,22.23
"Milan",29jul2019,.715,41.8
"Rome",29jul2019,.365,55.41
"Naples",29jul2019,.481,36.14
"Milan",30jul2019,.521,59.36
"Rome",30jul2019,.446,44.58
"Naples",30jul2019,.599,27.05
"Milan",31jul2019,.56,55.53
"Rome",31jul2019,.687,28.69
"Naples",31jul2019,.717,20.9
"Milan",01aug2019,.441,63.94
"Rome",01aug2019,.466,43.78
"Naples",01aug2019,.554,27.1
"Milan",02aug2019,.468,67.23
"Rome",02aug2019,.678,28.06
"Naples",02aug2019,.714,20.68
"Milan",03aug2019,.731,41.3
"Rome",03aug2019,.535,39.06
"Naples",03aug2019,.409,38.38
"Milan",04aug2019,.569,51.85
"Rome",04aug2019,.577,34.99
"Naples",04aug2019,.697,22.69
"Milan",05aug2019,.381,82.64
"Rome",05aug2019,.517,39.61
"Naples",05aug2019,.691,22.68
"Milan",06aug2019,.698,45.09
"Rome",06aug2019,.571,35.66
"Naples",06aug2019,.601,26.29
"Milan",07aug2019,.536,58.2
"Rome",07aug2019,.716,27
"Naples",07aug2019,.402,41.99
"Milan",08aug2019,.605,49.55
"Rome",08aug2019,.378,52.35
"Naples",08aug2019,.5,31.97
"Milan",09aug2019,.385,76.43
"Rome",09aug2019,.521,40.2
"Naples",09aug2019,.559,32.13
"Milan",10aug2019,.673,43.79
"Rome",10aug2019,.58,32.39
"Naples",10aug2019,.664,27.79
"Milan",11aug2019,.583,49.77
"Rome",11aug2019,.389,50.33
"Naples",11aug2019,.539,32.27
"Milan",12aug2019,.572,51.66
"Rome",12aug2019,.704,29.68
"Naples",12aug2019,.351,51.01
"Milan",13aug2019,.695,45.66
"Rome",13aug2019,.726,27.53
"Naples",13aug2019,.74,23.07
"Milan",14aug2019,.697,42.48
"Rome",14aug2019,.538,36.46
"Naples",14aug2019,.446,37.97
"Milan",15aug2019,.538,58.63
"Rome",15aug2019,.368,53.51
"Naples",15aug2019,.399,37.61
"Milan",16aug2019,.627,47.74
"Rome",16aug2019,.386,54.6
"Naples",16aug2019,.605,28.97
"Milan",17aug2019,.429,70.31
"Rome",17aug2019,.428,49.81
"Naples",17aug2019,.646,25.26
"Milan",18aug2019,.483,63.33
"Rome",18aug2019,.622,33.76
"Naples",18aug2019,.451,32.71
"Milan",19aug2019,.609,51.38
"Rome",19aug2019,.435,46.22
"Naples",19aug2019,.61,28.64
"Milan",20aug2019,.623,46.84
"Rome",20aug2019,.447,43.97
"Naples",20aug2019,.733,22.43
"Milan",21aug2019,.587,53.06
"Rome",21aug2019,.605,32.15
"Naples",21aug2019,.572,29.13
"Milan",22aug2019,.468,62.23
"Rome",22aug2019,.468,43.23
"Naples",22aug2019,.569,29.11
"Milan",23aug2019,.436,70.46
"Rome",23aug2019,.512,39.31
"Naples",23aug2019,.626,26.87
"Milan",24aug2019,.516,59.05
"Rome",24aug2019,.507,37.33
"Naples",24aug2019,.492,34.53
"Milan",25aug2019,.709,40.13
"Rome",25aug2019,.592,34.63
"Naples",25aug2019,.419,38.75
"Milan",26aug2019,.506,60.78
"Rome",26aug2019,.564,37.48
"Naples",26aug2019,.366,45.37
"Milan",27aug2019,.507,60.46
"Rome",27aug2019,.528,38.55
"Naples",27aug2019,.581,30.72
"Milan",28aug2019,.36,81.16
"Rome",28aug2019,.588,32.46
"Naples",28aug2019,.397,42.61
"Milan",29aug2019,.563,53.67
"Rome",29aug2019,.591,35.89
"Naples",29aug2019,.566,27.32
"Milan",30aug2019,.744,42.04
"Rome",30aug2019,.426,49.52
"Naples",30aug2019,.589,24.26
"Milan",31aug2019,.615,48.29
"Rome",31aug2019,.516,37.61
"Naples",31aug2019,.716,21.81
"Milan",01sep2019,.495,59.08
"Rome",01sep2019,.56,34.65
"Naples",01sep2019,.514,35.19
"Milan",02sep2019,.568,54.05
"Rome",02sep2019,.729,29.55
"Naples",02sep2019,.603,28.3
"Milan",03sep2019,.466,66.86
"Rome",03sep2019,.576,34.36
"Naples",03sep2019,.598,28.94
"Milan",04sep2019,.705,43.18
"Rome",04sep2019,.441,46.41
"Naples",04sep2019,.644,27.25
"Milan",05sep2019,.551,52.29
"Rome",05sep2019,.711,30.57
"Naples",05sep2019,.633,28.72
"Milan",06sep2019,.632,49.8
"Rome",06sep2019,.658,33.52
"Naples",06sep2019,.434,32.95
"Milan",07sep2019,.374,78.37
"Rome",07sep2019,.664,27.68
"Naples",07sep2019,.516,33.61
"Milan",08sep2019,.721,41.13
"Rome",08sep2019,.473,43.51
"Naples",08sep2019,.526,33.15
"Milan",09sep2019,.395,73.15
"Rome",09sep2019,.504,40.94
"Naples",09sep2019,.7,23.77
"Milan",10sep2019,.593,51.55
"Rome",10sep2019,.428,44.82
"Naples",10sep2019,.52,32.74
"Milan",11sep2019,.36,78.4
"Rome",11sep2019,.511,37.12
"Naples",11sep2019,.452,36.28
"Milan",12sep2019,.626,47.24
"Rome",12sep2019,.743,28.71
"Naples",12sep2019,.393,42.59
"Milan",13sep2019,.682,42.03
"Rome",13sep2019,.53,37.01
"Naples",13sep2019,.517,33.04
"Milan",14sep2019,.617,51.03
"Rome",14sep2019,.616,29.86
"Naples",14sep2019,.618,25.08
"Milan",15sep2019,.59,49.46
"Rome",15sep2019,.52,38.1
"Naples",15sep2019,.665,25.88
"Milan",16sep2019,.439,71.52
"Rome",16sep2019,.358,52.43
"Naples",16sep2019,.714,23.89
"Milan",17sep2019,.648,45.68
"Rome",17sep2019,.438,46.23
"Naples",17sep2019,.51,33.48
"Milan",18sep2019,.357,90.89
"Rome",18sep2019,.502,41.86
"Naples",18sep2019,.374,43.69
"Milan",19sep2019,.486,58.51
"Rome",19sep2019,.686,27.71
"Naples",19sep2019,.745,22.92
"Milan",20sep2019,.489,60.74
"Rome",20sep2019,.429,47.11
"Naples",20sep2019,.745,22.01
"Milan",21sep2019,.579,52.31
"Rome",21sep2019,.562,36.36
"Naples",21sep2019,.706,23.69
"Milan",22sep2019,.501,59.07
"Rome",22sep2019,.576,37.28
"Naples",22sep2019,.743,23.64
"Milan",23sep2019,.549,57.88
"Rome",23sep2019,.421,49.58
"Naples",23sep2019,.739,21.66
"Milan",24sep2019,.465,62.47
"Rome",24sep2019,.357,59.08
"Naples",24sep2019,.641,23.93
"Milan",25sep2019,.735,39.87
"Rome",25sep2019,.393,54.76
"Naples",25sep2019,.534,29.48
"Milan",26sep2019,.71,42.01
"Rome",26sep2019,.577,36.11
"Naples",26sep2019,.674,24.44
"Milan",27sep2019,.674,46.96
"Rome",27sep2019,.487,44.93
"Naples",27sep2019,.575,26.03
"Milan",28sep2019,.426,75.86
"Rome",28sep2019,.602,32.2
"Naples",28sep2019,.434,36.48
"Milan",29sep2019,.383,80.84
"Rome",29sep2019,.536,38.36
"Naples",29sep2019,.351,46.15
"Milan",30sep2019,.502,59.88
"Rome",30sep2019,.573,34.66
"Naples",30sep2019,.448,35.88
"Milan",01oct2019,.57,55.4
"Rome",01oct2019,.639,28.84
"Naples",01oct2019,.412,39.78
"Milan",02oct2019,.689,44.41
"Rome",02oct2019,.388,54.93
"Naples",02oct2019,.719,21.72
"Milan",03oct2019,.746,38.04
"Rome",03oct2019,.521,39.1
"Naples",03oct2019,.389,48.28
"Milan",04oct2019,.381,76.91
"Rome",04oct2019,.393,51.09
"Naples",04oct2019,.696,22.06
"Milan",05oct2019,.63,48.84
"Rome",05oct2019,.412,50.31
"Naples",05oct2019,.703,23.89
"Milan",06oct2019,.721,41.15
"Rome",06oct2019,.548,35.41
"Naples",06oct2019,.548,28.41
"Milan",07oct2019,.39,78.1
"Rome",07oct2019,.713,29.85
"Naples",07oct2019,.426,42.61
"Milan",08oct2019,.531,57.79
"Rome",08oct2019,.635,29.8
"Naples",08oct2019,.373,43.45
"Milan",09oct2019,.489,59.76
"Rome",09oct2019,.705,29.64
"Naples",09oct2019,.387,39.69
"Milan",10oct2019,.589,51.22
"Rome",10oct2019,.422,48.77
"Naples",10oct2019,.375,45.64
"Milan",11oct2019,.523,57.71
"Rome",11oct2019,.519,38.96
"Naples",11oct2019,.43,36.99
"Milan",12oct2019,.373,79.93
"Rome",12oct2019,.536,38.09
"Naples",12oct2019,.454,34.22
"Milan",13oct2019,.451,69.28
"Rome",13oct2019,.379,57.2
"Naples",13oct2019,.483,32.01
"Milan",14oct2019,.53,58.19
"Rome",14oct2019,.666,33.56
"Naples",14oct2019,.428,38.77
"Milan",15oct2019,.742,40.4
"Rome",15oct2019,.577,36.64
"Naples",15oct2019,.745,22.71
"Milan",16oct2019,.504,57.94
"Rome",16oct2019,.538,38.97
"Naples",16oct2019,.467,36.43
"Milan",17oct2019,.502,61.65
"Rome",17oct2019,.525,36.94
"Naples",17oct2019,.631,24.77
"Milan",18oct2019,.68,43.01
"Rome",18oct2019,.41,51.57
"Naples",18oct2019,.362,46.95
"Milan",19oct2019,.404,76.14
"Rome",19oct2019,.49,39.51
"Naples",19oct2019,.462,36.02
"Milan",20oct2019,.724,41.22
"Rome",20oct2019,.531,36.78
"Naples",20oct2019,.671,23.31
"Milan",21oct2019,.556,52.03
"Rome",21oct2019,.67,32.45
"Naples",21oct2019,.746,24.47
"Milan",22oct2019,.605,52.72
"Rome",22oct2019,.373,54.24
"Naples",22oct2019,.543,32.88
"Milan",23oct2019,.656,46.65
"Rome",23oct2019,.404,49.76
"Naples",23oct2019,.608,26.22
"Milan",24oct2019,.393,76.23
"Rome",24oct2019,.47,45.12
"Naples",24oct2019,.627,27.58
"Milan",25oct2019,.533,54.89
"Rome",25oct2019,.358,61.19
"Naples",25oct2019,.384,48.11
"Milan",26oct2019,.681,42.68
"Rome",26oct2019,.531,38.55
"Naples",26oct2019,.405,35.99
"Milan",27oct2019,.45,68.33
"Rome",27oct2019,.553,34.11
"Naples",27oct2019,.482,35.03
"Milan",28oct2019,.663,46.91
"Rome",28oct2019,.562,33.88
"Naples",28oct2019,.545,28.94
"Milan",29oct2019,.391,75.44
"Rome",29oct2019,.706,30.09
"Naples",29oct2019,.663,27.1
"Milan",30oct2019,.63,48.69
"Rome",30oct2019,.427,46.18
"Naples",30oct2019,.507,33.18
"Milan",31oct2019,.352,81.76
"Rome",31oct2019,.691,31.09
"Naples",31oct2019,.599,29.34
"Milan",01nov2019,.626,49.24
"Rome",01nov2019,.568,32.83
"Naples",01nov2019,.493,32.22
"Milan",02nov2019,.464,70.21
"Rome",02nov2019,.567,39.91
"Naples",02nov2019,.685,22.68
"Milan",03nov2019,.664,46.34
"Rome",03nov2019,.543,39.06
"Naples",03nov2019,.426,36.98
"Milan",04nov2019,.436,71.95
"Rome",04nov2019,.487,44.03
"Naples",04nov2019,.587,25.12
"Milan",05nov2019,.38,79.42
"Rome",05nov2019,.688,28.39
"Naples",05nov2019,.612,27.19
"Milan",06nov2019,.41,73.37
"Rome",06nov2019,.541,37.41
"Naples",06nov2019,.429,36.96
"Milan",07nov2019,.406,73.55
"Rome",07nov2019,.729,27.36
"Naples",07nov2019,.435,36.05
"Milan",08nov2019,.591,50.36
"Rome",08nov2019,.446,44.84
"Naples",08nov2019,.362,40.51
"Milan",09nov2019,.473,59.95
"Rome",09nov2019,.707,27.72
"Naples",09nov2019,.74,22.13
"Milan",10nov2019,.572,52.25
"Rome",10nov2019,.65,32.15
"Naples",10nov2019,.531,32.5
"Milan",11nov2019,.738,41.32
"Rome",11nov2019,.439,47.42
"Naples",11nov2019,.398,42.33
"Milan",12nov2019,.527,53.73
"Rome",12nov2019,.389,53.7
"Naples",12nov2019,.416,35.04
"Milan",13nov2019,.374,80
"Rome",13nov2019,.55,41.11
"Naples",13nov2019,.629,24.69
"Milan",14nov2019,.525,59.49
"Rome",14nov2019,.648,34.01
"Naples",14nov2019,.624,25.52
"Milan",15nov2019,.674,43.92
"Rome",15nov2019,.403,48.76
"Naples",15nov2019,.405,39.87
"Milan",16nov2019,.665,47.53
"Rome",16nov2019,.486,38.02
"Naples",16nov2019,.585,28.22
"Milan",17nov2019,.568,52.77
"Rome",17nov2019,.49,40.04
"Naples",17nov2019,.718,19.24
"Milan",18nov2019,.722,40.24
"Rome",18nov2019,.651,30.63
"Naples",18nov2019,.432,33.17
"Milan",19nov2019,.616,48.31
"Rome",19nov2019,.721,30.29
"Naples",19nov2019,.369,47.09
"Milan",20nov2019,.742,38.95
"Rome",20nov2019,.583,33.64
"Naples",20nov2019,.436,38.42
"Milan",21nov2019,.599,48.31
"Rome",21nov2019,.408,50.13
"Naples",21nov2019,.433,40.47
"Milan",22nov2019,.561,53.81
"Rome",22nov2019,.647,31.1
"Naples",22nov2019,.377,42.39
"Milan",23nov2019,.731,40.15
"Rome",23nov2019,.65,31.18
"Naples",23nov2019,.41,39.53
"Milan",24nov2019,.407,71.52
"Rome",24nov2019,.42,51.33
"Naples",24nov2019,.661,26.26
"Milan",25nov2019,.578,51.39
"Rome",25nov2019,.354,60.09
"Naples",25nov2019,.491,33.46
"Milan",26nov2019,.422,70
"Rome",26nov2019,.541,39.03
"Naples",26nov2019,.604,27.25
"Milan",27nov2019,.727,40.04
"Rome",27nov2019,.648,28.42
"Naples",27nov2019,.615,27.44
"Milan",28nov2019,.527,54.67
"Rome",28nov2019,.595,32.24
"Naples",28nov2019,.603,27.49
"Milan",29nov2019,.371,81.36
"Rome",29nov2019,.708,28.25
"Naples",29nov2019,.452,35.03
"Milan",30nov2019,.426,72.56
"Rome",30nov2019,.609,27.76
"Naples",30nov2019,.466,33.8
"Milan",01dec2019,.431,72.66
"Rome",01dec2019,.667,31.32
"Naples",01dec2019,.596,27.06
"Milan",02dec2019,.564,55.43
"Rome",02dec2019,.708,30.78
"Naples",02dec2019,.461,34.98
"Milan",03dec2019,.411,76.4
"Rome",03dec2019,.704,32.69
"Naples",03dec2019,.48,37.8
"Milan",04dec2019,.527,60.42
"Rome",04dec2019,.642,34.33
"Naples",04dec2019,.398,42.77
"Milan",05dec2019,.391,81.09
"Rome",05dec2019,.504,44.19
"Naples",05dec2019,.679,27.43
"Milan",06dec2019,.473,66.38
"Rome",06dec2019,.679,33.33
"Naples",06dec2019,.685,25
"Milan",07dec2019,.741,43.18
"Rome",07dec2019,.519,39.75
"Naples",07dec2019,.677,24.78
"Milan",08dec2019,.583,52.72
"Rome",08dec2019,.661,31.47
"Naples",08dec2019,.551,31.53
"Milan",09dec2019,.612,50.22
"Rome",09dec2019,.66,31.56
"Naples",09dec2019,.535,34.27
"Milan",10dec2019,.546,58.15
"Rome",10dec2019,.525,39.9
"Naples",10dec2019,.466,35.18
"Milan",11dec2019,.639,49
"Rome",11dec2019,.359,59.95
"Naples",11dec2019,.553,31.88
"Milan",12dec2019,.482,69.47
"Rome",12dec2019,.503,47.11
"Naples",12dec2019,.64,25.86
"Milan",13dec2019,.554,57.2
"Rome",13dec2019,.691,34.31
"Naples",13dec2019,.662,28.38
"Milan",14dec2019,.694,46.78
"Rome",14dec2019,.573,41.61
"Naples",14dec2019,.714,26.98
"Milan",15dec2019,.447,70.17
"Rome",15dec2019,.572,38.41
"Naples",15dec2019,.532,35.34
"Milan",16dec2019,.504,66.03
"Rome",16dec2019,.703,29.81
"Naples",16dec2019,.725,25.22
"Milan",17dec2019,.653,47.18
"Rome",17dec2019,.438,50.94
"Naples",17dec2019,.513,37.4
"Milan",18dec2019,.379,83.69
"Rome",18dec2019,.703,33.4
"Naples",18dec2019,.674,27.05
"Milan",19dec2019,.6,57.03
"Rome",19dec2019,.634,36.43
"Naples",19dec2019,.695,26.85
"Milan",20dec2019,.557,58.35
"Rome",20dec2019,.395,59.33
"Naples",20dec2019,.457,37.49
"Milan",21dec2019,.711,44.38
"Rome",21dec2019,.478,49.51
"Naples",21dec2019,.643,29.21
"Milan",22dec2019,.681,49.35
"Rome",22dec2019,.395,55.91
"Naples",22dec2019,.555,33.35
"Milan",23dec2019,.6,52.58
"Rome",23dec2019,.586,38.35
"Naples",23dec2019,.51,35.76
"Milan",24dec2019,.593,57.6
"Rome",24dec2019,.62,33.33
"Naples",24dec2019,.647,25.25
"Milan",25dec2019,.391,82.73
"Rome",25dec2019,.584,37.02
"Naples",25dec2019,.738,22.54
"Milan",26dec2019,.376,80.48
"Rome",26dec2019,.66,29.66
"Naples",26dec2019,.67,22.91
"Milan",27dec2019,.506,66.32
"Rome",27dec2019,.545,39.19
"Naples",27dec2019,.682,23
"Milan",28dec2019,.354,94.36
"Rome",28dec2019,.681,31.18
"Naples",28dec2019,.623,27.95
"Milan",29dec2019,.428,70.78
"Rome",29dec2019,.365,56.63
"Naples",29dec2019,.352,46.31
"Milan",30dec2019,.643,46.06
"Rome",30dec2019,.66,31.53
"Naples",30dec2019,.437,39.65
"Milan",31dec2019,.72,42.33
"Rome",31dec2019,.418,51.94
"Naples",31dec2019,.542,31.5
"Milan",01jan2020,.417,78.34
"Rome",01jan2020,.408,51.56
"Naples",01jan2020,.618,23.4
"Milan",02jan2020,.54,57.7
"Rome",02jan2020,.558,38.27
"Naples",02jan2020,.434,36.64
"Milan",03jan2020,.568,52.72
"Rome",03jan2020,.626,34.41
"Naples",03jan2020,.717,24.83
"Milan",04jan2020,.567,55.4
"Rome",04jan2020,.739,27.24
"Naples",04jan2020,.68,24.32
"Milan",05jan2020,.666,47.35
"Rome",05jan2020,.612,31.37
"Naples",05jan2020,.566,31.16
"Milan",06jan2020,.426,71.57
"Rome",06jan2020,.549,37.62
"Naples",06jan2020,.72,24.15
"Milan",07jan2020,.503,57.26
"Rome",07jan2020,.694,28.86
"Naples",07jan2020,.405,37.85
"Milan",08jan2020,.474,62.52
"Rome",08jan2020,.591,37.63
"Naples",08jan2020,.367,44.43
"Milan",09jan2020,.41,74.43
"Rome",09jan2020,.451,46.34
"Naples",09jan2020,.618,25.55
"Milan",10jan2020,.537,59.83
"Rome",10jan2020,.74,28.02
"Naples",10jan2020,.384,39.87
"Milan",11jan2020,.395,78.5
"Rome",11jan2020,.647,31.12
"Naples",11jan2020,.558,29.1
"Milan",12jan2020,.567,53.88
"Rome",12jan2020,.715,26.96
"Naples",12jan2020,.593,27.4
"Milan",13jan2020,.638,48
"Rome",13jan2020,.391,45.73
"Naples",13jan2020,.509,33.62
"Milan",14jan2020,.365,81.15
"Rome",14jan2020,.495,43.13
"Naples",14jan2020,.567,23.97
"Milan",15jan2020,.372,79.17
"Rome",15jan2020,.712,28.35
"Naples",15jan2020,.626,23.29
"Milan",16jan2020,.371,80.36
"Rome",16jan2020,.402,48.87
"Naples",16jan2020,.505,32.12
"Milan",17jan2020,.554,51.27
"Rome",17jan2020,.45,44.88
"Naples",17jan2020,.727,19.41
"Milan",18jan2020,.541,56.89
"Rome",18jan2020,.491,37.61
"Naples",18jan2020,.561,29.55
"Milan",19jan2020,.553,57.39
"Rome",19jan2020,.47,43.32
"Naples",19jan2020,.402,40.91
"Milan",20jan2020,.514,59.09
"Rome",20jan2020,.544,36.84
"Naples",20jan2020,.697,22.36
"Milan",21jan2020,.523,58.89
"Rome",21jan2020,.712,30.68
"Naples",21jan2020,.741,22.95
"Milan",22jan2020,.441,73.66
"Rome",22jan2020,.704,30.2
"Naples",22jan2020,.437,31.94
"Milan",23jan2020,.504,62.29
"Rome",23jan2020,.745,28.33
"Naples",23jan2020,.722,22.35
"Milan",24jan2020,.708,41.38
"Rome",24jan2020,.623,32.6
"Naples",24jan2020,.657,25.66
"Milan",25jan2020,.677,46.33
"Rome",25jan2020,.613,32.44
"Naples",25jan2020,.656,24.27
"Milan",26jan2020,.477,69.68
"Rome",26jan2020,.57,35.53
"Naples",26jan2020,.588,27.63
"Milan",27jan2020,.702,42.23
"Rome",27jan2020,.636,31.23
"Naples",27jan2020,.397,44.58
"Milan",28jan2020,.732,44.43
"Rome",28jan2020,.712,27.48
"Naples",28jan2020,.58,31.42
"Milan",29jan2020,.382,81.01
"Rome",29jan2020,.644,32.62
"Naples",29jan2020,.491,30.5
"Milan",30jan2020,.719,40.19
"Rome",30jan2020,.371,55.09
"Naples",30jan2020,.719,23.45
"Milan",31jan2020,.67,43.41
"Rome",31jan2020,.575,34.37
"Naples",31jan2020,.613,27.59
"Milan",01feb2020,.432,73.22
"Rome",01feb2020,.697,30.12
"Naples",01feb2020,.388,44.96
"Milan",02feb2020,.375,82.39
"Rome",02feb2020,.418,47.42
"Naples",02feb2020,.519,31.67
"Milan",03feb2020,.618,48.55
"Rome",03feb2020,.371,56.58
"Naples",03feb2020,.367,39.52
"Milan",04feb2020,.681,45.04
"Rome",04feb2020,.682,30.82
"Naples",04feb2020,.485,33.06
"Milan",05feb2020,.592,51.8
"Rome",05feb2020,.372,55.66
"Naples",05feb2020,.646,23.64
"Milan",06feb2020,.534,57.53
"Rome",06feb2020,.727,27.39
"Naples",06feb2020,.393,41.02
"Milan",07feb2020,.566,53.8
"Rome",07feb2020,.438,47.41
"Naples",07feb2020,.497,34.45
"Milan",08feb2020,.625,49.3
"Rome",08feb2020,.354,58.48
"Naples",08feb2020,.447,36.46
"Milan",09feb2020,.511,59.07
"Rome",09feb2020,.618,33.13
"Naples",09feb2020,.566,31.24
"Milan",10feb2020,.582,51.61
"Rome",10feb2020,.567,35.36
"Naples",10feb2020,.709,25.05
"Milan",11feb2020,.515,59.17
"Rome",11feb2020,.495,43.14
"Naples",11feb2020,.742,21.69
"Milan",12feb2020,.36,84.81
"Rome",12feb2020,.743,27.5
"Naples",12feb2020,.356,47.25
"Milan",13feb2020,.362,80.37
"Rome",13feb2020,.719,26.27
"Naples",13feb2020,.705,24.43
